participant_id,session_id,repetition_id,label,ax_mean,ax_std,ax_min,ax_max,ax_range,ax_rms,ay_mean,ay_std,ay_min,ay_max,ay_range,ay_rms,az_mean,az_std,az_min,az_max,az_range,az_rms,gx_mean,gx_std,gx_min,gx_max,gx_range,gx_rms,gy_mean,gy_std,gy_min,gy_max,gy_range,gy_rms,gz_mean,gz_std,gz_min,gz_max,gz_range,gz_rms
septian,S1,septian_seg1,idle,0.8825053333333335,0.06815098902355628,0.7536,0.9968,0.24319999999999997,0.8851328830557967,0.021930000000000005,0.011713142191572679,0.0068,0.0369,0.030100000000000002,0.024862071514658628,0.1951033333333333,0.09808166761542252,0.0696,0.3618,0.2922,0.21836969615768573,-12.550798000000002,44.44247107361526,-98.2493,36.2497,134.499,46.180686066427526,37.57278933333334,71.02522652707665,-131.6399,149.1629,280.80280000000005,80.35108774316375,-23.00335666666667,31.326742313189683,-111.8318,13.8027,125.6345,38.86539851707257
septian,S1,septian_seg1,idle,0.7595826666666667,0.07583119564459528,0.6424,0.8951,0.25270000000000004,0.7633584988282592,0.03698733333333333,0.004501026500205876,0.0245,0.0441,0.0196,0.03726019413082367,0.3551466666666667,0.08307827527231305,0.1937,0.4834,0.28969999999999996,0.3647343617849389,8.442260666666668,17.608483351418606,-74.6201,36.2497,110.8698,19.527684222690954,9.507722000000001,29.984751595998194,-5.6231,124.2284,129.8515,31.456034491063875,-2.748206666666667,16.547116694782677,-81.1207,13.8027,94.9234,16.77378045621996
septian,S1,septian_seg1,idle,0.6473226666666666,0.05416435746462387,0.5643,0.7519,0.1876,0.6495848000068967,0.04381933333333333,0.0035813534995709218,0.037,0.0496,0.0126,0.04396544173173592,0.4778673333333332,0.05945846112670219,0.3637,0.5693,0.2056,0.481552174604857,6.017306666666666,0.5933690949896944,5.2922,7.4287,2.1365,6.046492074219564,0.17349866666666666,0.4731498823821287,-0.932,1.0689,2.0009,0.5039569411500682,0.3136233333333333,1.4046064920547046,-1.5393,4.4842,6.0235,1.4391938690577213
septian,S1,septian_seg1,idle,0.567214,0.0388066558380561,0.5071,0.6411,0.134,0.5685399531548626,0.04908200000000001,0.0026880741557231387,0.0441,0.0534,0.009300000000000003,0.0491555537723528,0.5659513333333333,0.042895104206527916,0.4847,0.6327,0.14800000000000002,0.5675745780658843,5.861790666666668,0.7366500448513904,4.668,7.4287,2.7607,5.907896673808708,0.8760699999999999,0.485106977858149,-0.1276,1.5529,1.6804999999999999,1.0014127145521305,-0.6127873333333334,0.6660887747937374,-1.5393,0.5787,2.118,0.9050870520563201
septian,S1,septian_seg1,idle,0.5222433333333334,0.021571331025743917,0.4891,0.5635,0.07440000000000002,0.5226886468379941,0.055904,0.006744557114197096,0.0497,0.0704,0.020700000000000003,0.05630937991726305,0.6331126666666667,0.03555592270713215,0.5703,0.6904,0.12009999999999998,0.6341102998164699,28.21050466666667,46.23044402265148,4.668,136.908,132.23999999999998,54.157977510977396,-48.71827266666667,95.52916194823085,-248.5133,1.5529,250.06619999999998,107.23474658036452,7.854225333333332,18.311295788495094,-2.0742,81.3872,83.46140000000001,19.92466835459334
dafa,S1,dafa_seg2,idle,0.7042833333333334,0.04384471601256213,0.6349,0.7865,0.15159999999999996,0.7056467761800753,0.05290333333333332,0.0008661344519697205,0.0518,0.0545,0.002700000000000001,0.052910423043731815,0.2662386666666667,0.06506179707187792,0.1482,0.3724,0.2242,0.2740731016839607,5.295645333333333,5.084484925005832,-5.1153,15.1348,20.2501,7.341379056353558,0.24149,2.1243433485746444,-4.186,3.2044,7.3904,2.138025276448652,7.397887333333333,9.29738517458392,-3.2809,23.9593,27.240199999999998,11.881502770326096
dafa,S1,dafa_seg2,idle,0.6379360000000001,0.03302069912443809,0.5865,0.7003,0.11380000000000001,0.6387900333181997,0.052047333333333334,0.00032035327721473695,0.0515,0.0527,0.0011999999999999997,0.0520483192171787,0.37101266666666666,0.05600806762918674,0.2694,0.4614,0.192,0.37521634088438455,6.7211620000000005,3.7355226729454247,3.3341,22.9767,19.6426,7.689482965085061,0.5018606666666667,4.3071437194177244,-16.6891,3.6713,20.3604,4.336283102896611,1.3204320000000003,11.744178764263426,-28.1794,34.1604,62.339800000000004,11.818175642356987
dafa,S1,dafa_seg2,idle,0.5937260000000002,0.018718851211189932,0.5683,0.6343,0.06599999999999995,0.594021008438815,0.05280933333333334,0.0014515897798237933,0.0515,0.0559,0.004400000000000001,0.05282927976037531,0.45510866666666666,0.04125904011917334,0.3738,0.5174,0.14359999999999995,0.45697506153691436,8.138029999999999,12.103428854120914,-23.5807,23.3621,46.942800000000005,14.58494162853135,0.1935719999999998,27.613306682586014,-55.2567,63.9171,119.1738,27.613985153645125,-1.7686126666666675,14.917034705040171,-28.1794,34.1604,62.339800000000004,15.02151507525345
dafa,S1,dafa_seg2,idle,0.5661006666666666,0.014216330969072932,0.541,0.5859,0.04489999999999994,0.5662791439446333,0.05458733333333335,0.0014497492503494826,0.0516,0.0559,0.004299999999999998,0.05460658141042463,0.5201360000000002,0.033256971760319165,0.4624,0.5778,0.1154,0.5211981241971874,4.759734666666667,14.922939523579068,-24.0829,23.3621,47.445,15.663626595442917,3.596485999999999,31.53027177362739,-55.2567,63.9171,119.1738,31.73472466663292,-4.8689393333333335,13.76310896630504,-27.7722,22.261,50.0332,14.598963615615551
dafa,S1,dafa_seg2,idle,0.54712,0.009692141146310247,0.5387,0.5681,0.029400000000000093,0.5472058406121045,0.05687466666666666,0.0021346720799431678,0.0548,0.0623,0.0075,0.05691471280199289,0.5715560000000001,0.02532284997125456,0.5185,0.6004,0.08190000000000008,0.57211669077791,6.710749333333333,11.231869664466652,-24.0829,18.3665,42.4494,13.083923447284457,-10.417354666666665,25.571563601022614,-43.242,61.3341,104.5761,27.61206517543131,-11.952644666666666,13.869491123154864,-29.2454,22.261,51.5064,18.309246258185144
dzaki,S1,dzaki_seg3,idle,0.4021406666666667,0.006949005652289798,0.391,0.4157,0.0247,0.40220070172324,0.01888066666666667,0.003661851929769356,0.0068,0.022,0.015199999999999998,0.019232491604920392,-0.23371200000000003,0.1736006382169528,-0.5511,0.0494,0.6005,0.29113309762603995,4.312347333333333,34.53029080351472,-99.2421,55.482,154.7241,34.79852471727214,17.091493333333336,46.42665210673379,-53.0726,127.0519,180.1245,49.47275179533747,5.736003999999999,57.17261633261723,-117.3246,111.5613,228.8859,57.45963626933838
dzaki,S1,dzaki_seg3,idle,0.3908673333333334,0.00778632559184512,0.3788,0.4041,0.02529999999999999,0.39094487991702015,0.02202866666666667,0.001120615108867546,0.0205,0.0238,0.003300000000000001,0.022057151523561087,0.04129133333333334,0.14345837813882542,-0.2234,0.2663,0.48969999999999997,0.14928255245227642,8.647990666666667,5.2813463553068445,1.3188,20.9229,19.6041,10.133131889769652,3.0858666666666665,6.460950563765538,-9.3274,14.693,24.020400000000002,7.160059725439912,11.516078,23.027520565198703,-13.2425,104.136,117.3785,25.746587266718155
gilang,S1,gilang_seg4,idle,0.3476313333333333,0.02047860065748851,0.1819,0.3575,0.17559999999999998,0.3482339974787068,0.03520199999999999,0.001958382666045292,0.0187,0.0366,0.0179,0.03525643298274325,0.8436839999999998,0.04928047223799707,0.4393,0.8641,0.42479999999999996,0.8451220366313968,6.009399333333333,0.3768040603986227,2.9542,6.2881,3.3339,6.021201013701503,1.5747820000000001,0.18174841111455875,0.8282,1.6949,0.8667,1.5852352609208096,-0.6114273333333333,0.12806396469299586,-0.8774,-0.3321,0.5452999999999999,0.6246949359487397
gilang,S1,gilang_seg4,idle,0.35701199999999994,0.0014205595141821156,0.3535,0.3584,0.0049000000000000155,0.35701482620940733,0.036046,0.00030781596233247393,0.0353,0.0366,0.0013000000000000025,0.03604731427813543,0.8636340000000001,0.0019963576833824112,0.8585,0.8661,0.00759999999999994,0.8636363073655483,6.237703333333334,0.12411955602921275,6.0497,6.4153,0.3656000000000006,6.238938093847916,1.6788113333333332,0.01321984637664985,1.6457,1.7118,0.06610000000000005,1.678863382549833,-0.4331226666666667,0.2520171394030352,-0.7762,-0.1057,0.6705,0.5011066582408713
gilang,S1,gilang_seg4,idle,0.3583806666666666,0.0003299892254133329,0.3575,0.3589,0.0014000000000000123,0.3583808185901323,0.036630666666666666,0.0005445422134437534,0.0361,0.0379,0.001800000000000003,0.036634713956392055,0.8659619999999999,0.0008620649627493325,0.8642,0.8672,0.0030000000000000027,0.8659624290926253,6.310107333333334,0.06845896103668404,6.1885,6.4153,0.2267999999999999,6.310478681331023,1.7087140000000003,0.03177637493484744,1.6601,1.7556,0.09550000000000014,1.7090094416942232,-0.236072,0.09266761614861292,-0.4152,-0.1057,0.3095,0.2536085098467058
gilang,S1,gilang_seg4,idle,0.35891,0.0003395585369269892,0.3584,0.3597,0.0013000000000000234,0.3589101606251904,0.03747533333333333,0.0005455195281156807,0.0366,0.0382,0.0015999999999999973,0.03747930362213258,0.8670266666666668,0.0003967646937697784,0.8662,0.8676,0.0014000000000000679,0.8670267574494649,6.257752666666667,0.058214650729481794,6.1885,6.3584,0.16989999999999927,6.2580234405707795,1.7353073333333335,0.014543892631922475,1.6955,1.7556,0.06010000000000004,1.7353682796263545,-0.3676226666666667,0.11949002365423186,-0.4987,-0.1174,0.3813,0.38655438271994796
gilang,S1,gilang_seg4,idle,0.36356133333333324,0.010211097144229362,0.3589,0.403,0.04410000000000003,0.3637047010969201,0.03895733333333334,0.00226722581338712,0.0376,0.0449,0.007300000000000001,0.03902325118866102,0.8676166666666667,0.0005367080729368256,0.8671,0.8693,0.0021999999999999797,0.8676168326705823,7.302051333333332,3.1251150422074954,6.1379,18.4508,12.3129,7.942688317041446,-8.855746,33.40668957931955,-147.8655,1.7525,149.618,34.560543194017264,3.9896659999999997,13.33204114544021,-0.6036,65.322,65.9256,13.916204794959961
hikhmal,S1,hikhmal_seg5,idle,0.927962,0.007232718898634642,0.9146,0.9395,0.024900000000000033,0.9279901861909244,-0.11667799999999995,0.000533525382089111,-0.1177,-0.1159,0.001799999999999996,0.11667921980084256,-0.24076599999999998,0.013766518949974245,-0.2662,-0.2188,0.0474,0.24115924987443463,6.09316,0.12715666190438732,5.8762,6.3055,0.42930000000000046,6.094486656172664,-0.11931933333333336,0.5655325528734448,-1.4406,0.5083,1.9489,0.5779828472080003,-0.3311393333333333,0.16350089292178874,-0.8726,-0.0654,0.8072,0.36930448151446343
hikhmal,S1,hikhmal_seg5,idle,0.9391453333333332,0.0057035028613027705,0.9284,0.9481,0.01970000000000005,0.9391626520825168,-0.1175933333333333,0.0005241713036360876,-0.1185,-0.1167,0.001799999999999996,0.11759450157213985,-0.21949,0.010877945578095159,-0.2398,-0.2019,0.03790000000000002,0.21975939069809963,6.173467333333334,0.08878742590905288,6.0003,6.3055,0.30520000000000014,6.174105775149413,0.4827393333333333,0.2364207858590742,-0.0021,0.9999,1.002,0.5375240012625793,-0.4137206666666667,0.14541185568202095,-0.6301,-0.0654,0.5647,0.4385309542096202
hikhmal,S1,hikhmal_seg5,idle,0.9480233333333334,0.0045689009133002174,0.9396,0.9555,0.015900000000000025,0.9480343429433346,-0.11852066666666668,0.0005234878752708184,-0.1194,-0.1177,0.001700000000000007,0.11852182274444935,-0.2022206666666667,0.009146899632601688,-0.2186,-0.1872,0.031399999999999983,0.20242742847746695,6.159650666666667,0.05902501587933335,6.0778,6.3029,0.2251000000000003,6.1599334645649115,0.9610866666666668,0.3481173234541609,0.3138,1.4092,1.0954,1.0221904185294115,-0.46209000000000006,0.050094897611100746,-0.62,-0.3905,0.22949999999999998,0.4647974471387151
hikhmal,S1,hikhmal_seg5,idle,0.9552706666666667,0.0038112560775797923,0.9483,0.9614,0.0131,0.9552782695459301,-0.11943333333333335,0.0005111642484455359,-0.1203,-0.1185,0.00180000000000001,0.11943442719752122,-0.18755333333333335,0.0078053799110328745,-0.2017,-0.175,0.0267,0.1877156807515025,6.106737999999999,0.06296048990703082,6.0142,6.2591,0.24490000000000034,6.107062552809929,1.298978,0.09058013091180649,1.0109,1.4092,0.3983000000000001,1.3021323299112113,-0.4741326666666667,0.04799170413959294,-0.5375,-0.3905,0.14699999999999996,0.47655533704562225
irvan,S1,irvan_seg6,idle,0.5223713333333334,0.0279337653188554,0.4545,0.5637,0.10919999999999996,0.5231176780929252,-0.010037999999999998,0.035710214542434025,-0.0969,0.023,0.1199,0.03709421608103704,-0.4341986666666667,0.1925373567169643,-0.7619,-0.0884,0.6735,0.4749727527623734,-38.55631933333333,84.69532068436264,-242.174,86.6135,328.7875,93.05851442163151,29.836082666666666,122.98084207381069,-237.6635,244.744,482.4075,126.54832810462466,6.744665333333333,78.75386418258768,-144.4899,170.6412,315.1311,79.042150996466
irvan,S1,irvan_seg6,idle,0.4979933333333334,0.03660958283777016,0.4379,0.5544,0.11649999999999999,0.49933718227266033,0.02346266666666667,0.005954735333235969,0.0025,0.033,0.030500000000000003,0.024206519782901465,-0.10403266666666666,0.19149639874652705,-0.4502,0.1911,0.6413,0.21793041657067208,-6.263191333333334,43.496253397024034,-220.8396,27.054,247.8936,43.94487029513304,34.95639466666667,84.02563268625734,-77.647,244.744,322.391,91.00690345472479,25.99373866666667,53.511321581278835,-114.4695,170.6412,285.1107,59.49063781172631
irvan,S1,irvan_seg6,idle,0.44093200000000005,0.028716221478460566,0.398,0.4984,0.10039999999999999,0.4418660996274777,0.03232333333333333,0.004892394324073053,0.0233,0.04,0.0167,0.03269148818882371,0.17810000000000004,0.13599907695765193,-0.084,0.3839,0.46790000000000004,0.22408783753995515,7.45457,1.5897494359699162,4.8841,10.1012,5.2171,7.62219897103629,1.0774746666666666,1.5348044613863863,-1.2636,11.2706,12.5342,1.8752536873713914,2.2459133333333337,3.6476205793122483,-5.7626,11.5162,17.2788,4.283603925605946
irvan,S1,irvan_seg6,idle,0.399384,0.019652694743130437,0.3688,0.4373,0.0685,0.39986723780108147,0.03946066666666667,0.003586714311951198,0.033,0.045,0.011999999999999997,0.03962333571688953,0.3744786666666667,0.092280210653326,0.1942,0.5133,0.31909999999999994,0.3856810976268693,6.346708,1.2655371245190714,4.8841,10.1012,5.2171,6.471652544041591,0.9856820000000001,0.6695026647763747,-1.2636,1.5884,2.8520000000000003,1.1915547923896184,0.53642,2.862990631839371,-1.0557,11.5162,12.5719,2.9128099447784095
ramzy,S1,ramzy_seg7,idle,0.8142946666666666,0.016166598432845694,0.7866,0.8429,0.05630000000000002,0.8144551326295799,0.0030673333333333334,0.0014569143954109164,-0.0004,0.0056,0.006,0.0033957522485206916,-0.07339333333333332,0.08012074609959367,-0.2115,0.0645,0.276,0.10865502902918638,8.615787333333333,5.097247078561742,3.0981,17.2649,14.1668,10.010680254265107,-0.60649,6.654078687198802,-10.9777,9.5352,20.512900000000002,6.681660968317185,7.411763333333333,13.49801596331064,-4.3926,41.1474,45.54,15.39904771910047
ramzy,S1,ramzy_seg7,idle,0.78647,0.015976047696473615,0.7598,0.8139,0.054099999999999926,0.7866322488939798,0.005299333333333334,0.0011654753917989384,0.003,0.0071,0.0041,0.005425980710126665,0.06350533333333333,0.07790020007391223,-0.0726,0.1931,0.2657,0.1005055646883959,4.693745333333334,0.774063859173274,3.0981,6.3625,3.2643999999999997,4.7571441130437355,4.435981333333332,2.63382823164019,-1.1512,9.5352,10.686399999999999,5.1589709771878605,-1.5326053333333332,1.0043030671921476,-4.3926,-0.2732,4.1194,1.8323492457862212
ramzy,S1,ramzy_seg7,idle,0.7604006666666667,0.014150243798449398,0.7379,0.7863,0.0484,0.7605323157280476,0.007079999999999999,0.0008977750274985376,0.0056,0.0086,0.003,0.007136693912449938,0.18999533333333332,0.06801564362866988,0.0663,0.2991,0.23279999999999998,0.2018027612959413,6.013106666666666,1.0042988253613674,4.4838,7.4272,2.9434000000000005,6.0963979459458955,2.1199060000000003,1.7067742332728133,-0.0089,5.9928,6.0017,2.7215950713138795,-0.13736466666666672,0.8292360562298021,-1.7166,1.1156,2.8322,0.8405364290737196
rizki,S1,rizki_seg8,idle,0.7171073333333333,0.044928245157015524,0.6466,0.7997,0.1531,0.7185133782563365,0.010557333333333333,0.0011408971128994158,0.0076,0.0122,0.004600000000000001,0.010618800936703416,0.1611093333333333,0.07141888484769898,0.0358,0.2805,0.24470000000000003,0.17622960704717014,12.209184000000002,8.623433049067176,6.6835,43.618,36.9345,14.94750051003846,-3.890155333333334,10.380309328419436,-30.3989,39.8607,70.2596,11.085311464777764,13.098149333333334,25.553270402424673,-28.0615,98.9148,126.9763,28.714650341206198
rizki,S1,rizki_seg8,idle,0.6485206666666666,0.034620880590893244,0.5934,0.713,0.11959999999999993,0.6494441165078536,0.012084666666666665,0.0007690458735053168,0.0105,0.0132,0.0026999999999999993,0.012109112271343427,0.27864,0.06425352701084458,0.1636,0.3839,0.22030000000000002,0.28595238298243525,7.070439333333334,0.735753842431617,6.3758,9.9714,3.5955999999999992,7.108617733638518,1.0950093333333335,0.7797695904429434,-1.5633,1.603,3.1662999999999997,1.3442790090850436,3.0712093333333335,2.578011671666019,0.2924,9.8861,9.5937,4.009796871214301
rizki,S1,rizki_seg8,idle,0.6008119999999999,0.02118857214003184,0.5749,0.6458,0.07090000000000007,0.6011855079202536,0.013680000000000003,0.001386602562620835,0.0122,0.0176,0.0054,0.013750093333016569,0.3811666666666667,0.05390641602711953,0.282,0.4544,0.17240000000000005,0.38495964654320153,9.471738666666667,7.565693477241299,5.7496,35.3366,29.586999999999996,12.12243998381514,-22.588521333333336,47.67811384814013,-142.1165,1.603,143.7195,52.75835323569781,0.32104533333333335,4.047353646875724,-12.7973,7.4777,20.275,4.060066704985688
rizki,S1,rizki_seg8,idle,0.5880913333333333,0.007757052160596976,0.5749,0.6024,0.02750000000000008,0.5881424897080639,0.018004,0.004300091161824364,0.0132,0.0278,0.014599999999999998,0.018510397078398938,0.4459126666666666,0.024792072110970384,0.3852,0.4789,0.0937,0.4466013357943898,8.559891333333333,14.340867305357033,-21.6745,35.3366,57.0111,16.701263865598115,-8.365554,63.081119791316986,-142.1165,95.6073,237.72379999999998,63.63340449680026,-3.3990666666666662,8.45504127567821,-17.9854,21.6272,39.6126,9.112704163850962
septian,S1,septian_seg1,lift,0.8345653333333334,0.3402187833314844,0.0862,1.2144,1.1281999999999999,0.9012480880053689,0.007149333333333333,0.0158447372826297,-0.026,0.0229,0.0489,0.017382999357609914,-0.172654,0.12607962438078565,-0.4605,-0.0326,0.4279,0.21378838930119662,7.666270000000001,21.76233349515549,-22.0621,49.4878,71.54990000000001,23.07316308760606,19.387265999999997,92.06266366503404,-124.7437,123.8909,248.6346,94.08187989222968,-1.6287806666666673,22.245521349133618,-61.6921,40.9876,102.6797,22.305069974220363
septian,S1,septian_seg1,lift,1.0265713333333333,0.11220610579742185,0.8459,1.2144,0.36849999999999994,1.0326852921388974,0.017086666666666663,0.00603114877577693,-0.0053,0.0234,0.0287,0.01811984915316166,-0.08891733333333332,0.032720775758258276,-0.1435,-0.0326,0.1109,0.09474672201893494,17.071667333333334,24.54051177221724,-22.0621,60.716,82.7781,29.89445673669842,-18.199361333333332,95.24059634315806,-124.7437,124.0749,248.8186,96.96384864856387,-0.4747239999999999,28.7404740776225,-69.6709,45.051,114.7219,28.744394463663117
septian,S1,septian_seg1,lift,0.9839120000000002,0.07250706257094315,0.8692,1.1064,0.23720000000000008,0.9865800007433085,0.019093999999999996,0.005814203642804404,0.0057,0.0253,0.0196,0.019959604204492633,-0.08887266666666667,0.026477126975729237,-0.1327,-0.0207,0.11200000000000002,0.0927328913241323,3.457252,23.038098564831603,-35.3421,60.716,96.0581,23.29606354890027,36.03635533333334,105.22676470458488,-110.1259,210.3825,320.5084,111.22630496381841,9.889502666666667,29.929935394657853,-69.6709,51.1462,120.81710000000001,31.521473565212652
dafa,S1,dafa_seg2,lift,0.6017306666666667,0.06348555945689976,0.4887,0.7379,0.24919999999999998,0.6050704186015596,0.029453333333333342,0.008267411256789448,0.0055,0.0424,0.0369,0.03059164809769708,-0.06887600000000002,0.014649185096789514,-0.0884,-0.0456,0.042800000000000005,0.07041663155817665,5.270223999999998,28.07001514642669,-45.6368,51.374,97.0108,28.5604798862134,-6.809758000000005,83.4830475201293,-115.7946,117.8762,233.67079999999999,83.7603248994817,1.7903553333333335,26.10151143583205,-48.2614,38.1628,86.4242,26.162841425473395
dafa,S1,dafa_seg2,lift,0.6784966666666666,0.062114022481955626,0.5474,0.7397,0.19230000000000003,0.6813338964609545,0.03838,0.004500074073464421,0.0252,0.0431,0.0179,0.038642917419194255,-0.07946399999999999,0.009639517830265164,-0.0934,-0.0634,0.03,0.08004653396618744,3.085660666666666,26.697505955755236,-45.6368,46.7858,92.4226,26.875232575875508,23.188142666666668,90.45820334835335,-99.2941,151.3048,250.59890000000001,93.38295622511494,4.988469999999999,18.973465469842353,-39.2656,38.1628,77.4284,19.618288021032825
dafa,S1,dafa_seg2,lift,0.7598073333333334,0.05208599568235422,0.6924,0.8394,0.14700000000000002,0.7615905295717202,0.03896733333333333,0.003338073230006929,0.0335,0.0436,0.010099999999999998,0.03911004730245157,-0.06964333333333333,0.014626644257047555,-0.0934,-0.0481,0.0453,0.07116271917233068,12.992946666666667,17.253218348152387,-19.0926,46.5545,65.6471,21.5983843481837,-21.572836666666664,103.54130280920519,-135.7773,151.3048,287.08209999999997,105.7647799093545,1.3678239999999997,18.5710469784615,-31.9068,58.6366,90.5434,18.621351410979816
dafa,S1,dafa_seg2,lift,0.7984773333333334,0.03221280107176166,0.7196,0.8551,0.13549999999999995,0.7991268462515823,0.035324,0.0025420904783268437,0.0323,0.0436,0.011299999999999998,0.035415352603073144,-0.06642866666666666,0.011233416438861728,-0.0828,-0.0481,0.0347,0.06737178489545902,6.498884666666667,16.025339628666163,-20.1968,29.5265,49.723299999999995,17.292975803045966,14.825819333333332,108.78536534905217,-135.7773,149.5779,285.35519999999997,109.79098611922292,4.323150000000001,21.778291877413924,-31.9068,58.6366,90.5434,22.20323451707731
dafa,S1,dafa_seg2,lift,0.8313133333333333,0.04379985489575152,0.7667,0.8927,0.126,0.8324663869890884,0.033624,0.001148835932585676,0.0314,0.0367,0.005300000000000006,0.033643620494827844,-0.06509866666666668,0.0120286601452069,-0.0828,-0.0471,0.035699999999999996,0.06620064249436455,8.169534,16.839824520328115,-20.1968,39.6231,59.819900000000004,18.716863403161334,4.579008666666662,103.35951028246082,-133.3169,138.4506,271.76750000000004,103.46088964531252,-0.07829399999999927,16.494232087103377,-32.5084,39.0978,71.6062,16.494417907088042
dafa,S1,dafa_seg2,lift,0.8666159999999998,0.02907682486104699,0.8199,0.928,0.10810000000000008,0.867103657701892,0.03379066666666666,0.0012092612988468985,0.0314,0.0365,0.0051,0.03381229756562938,-0.05396133333333334,0.01589418672205519,-0.077,-0.0165,0.0605,0.056253450264554146,12.475503333333332,20.625474319450745,-22.9122,47.3639,70.2761,24.104945018031742,-9.40672133333334,116.48435784537115,-191.8108,154.0463,345.8571,116.86356159595455,-1.1541606666666662,12.557553090205095,-32.5084,15.903,48.4114,12.610480817867336
dzaki,S1,dzaki_seg3,lift,0.5503399999999999,0.046180376784950544,0.4996,0.6133,0.11369999999999997,0.5522741554699079,0.009264666666666666,0.003567653508337876,0.0042,0.0169,0.0127,0.009927849716831938,-0.06066799999999999,0.018463189756919036,-0.0858,-0.0318,0.054,0.06341526314697432,12.689592666666668,12.06666389847167,-5.7412,35.0858,40.827,17.510857765529366,-23.542010000000005,130.4115223865968,-228.2419,176.8901,405.13199999999995,132.51940011194563,0.6731493333333333,26.443292926204045,-36.7863,53.9874,90.77369999999999,26.45185949618665
dzaki,S1,dzaki_seg3,lift,0.606158,0.028564302360347144,0.5358,0.6785,0.14269999999999994,0.6068306521043028,0.010961333333333333,0.004169361048836567,0.0045,0.0196,0.015099999999999999,0.011727506128755593,-0.05030000000000001,0.011356067394422536,-0.0737,-0.0318,0.0419,0.051565979741169145,3.6507620000000003,18.251469404555422,-23.1121,35.0858,58.197900000000004,18.61301154048067,3.8128246666666685,124.04151977596584,-228.2419,168.9293,397.1712,124.10010580281576,1.0541326666666673,20.453826263945487,-36.7863,47.7313,84.51759999999999,20.480971766852274
dzaki,S1,dzaki_seg3,lift,0.6568526666666666,0.042815952940723184,0.5915,0.7051,0.11359999999999992,0.6582466342742159,0.019957333333333334,0.006266283818092578,0.0088,0.028,0.019200000000000002,0.0209179699461173,-0.049534666666666664,0.011943137425130614,-0.0712,-0.0303,0.0409,0.05095411399811926,4.684531333333335,20.249880635754,-23.1121,37.6156,60.7277,20.784669821175093,-0.6697646666666697,104.43254812870309,-154.8696,137.9743,292.84389999999996,104.43469583123513,-1.2711393333333332,12.598217645121586,-20.4949,18.0025,38.4974,12.662183186109733
dzaki,S1,dzaki_seg3,lift,0.700916,0.019729406411074138,0.6746,0.7494,0.07479999999999998,0.7011936170084075,0.028225333333333335,0.0031536684811325506,0.0199,0.0331,0.013199999999999996,0.02840096946702113,-0.04980933333333333,0.016183124324088007,-0.0741,-0.0228,0.0513,0.05237235148434716,3.304589333333332,22.45429527907195,-31.3257,37.6156,68.9413,22.696160184968146,1.9423866666666678,118.16377099206827,-154.8696,178.3904,333.26,118.17973447689243,2.9743373333333327,19.131316915011528,-23.1768,40.8363,64.01310000000001,19.36114587195362
dzaki,S1,dzaki_seg3,lift,0.7341120000000001,0.03222815315838003,0.6746,0.7719,0.09730000000000005,0.7348190814071175,0.03161666666666667,0.0016132954541007737,0.0282,0.036,0.007799999999999998,0.031657800513196326,-0.04420333333333334,0.018623706815657178,-0.0741,-0.0185,0.0556,0.047966416723926056,5.117493999999997,23.71199566257335,-31.3257,41.8033,73.129,24.257936498019227,6.744525333333337,111.24170078176331,-147.2577,178.3904,325.6481,111.4459717297639,1.3535486666666656,20.76719393375278,-32.8918,40.8363,73.72810000000001,20.811257479430054
gilang,S1,gilang_seg4,lift,0.2300833333333333,0.057584063092336775,0.1587,0.2967,0.138,0.2371798149084361,0.03268800000000001,0.025066184179753672,-0.0849,0.0617,0.1466,0.041192462093608016,-0.30513066666666666,0.024531883870225344,-0.3363,-0.2729,0.06340000000000001,0.30611523494701576,22.999112,96.01893885047325,-246.2834,189.29,435.5734,98.73497744345448,26.42505333333332,142.2865856252372,-202.7905,243.8584,446.6489,144.7195767426006,8.965403333333335,50.49655867660609,-139.1151,114.4633,253.57840000000002,51.28626419529177
gilang,S1,gilang_seg4,lift,0.324204,0.05490571540377195,0.2308,0.4504,0.21960000000000002,0.32882042393987637,0.032764,0.006503745382470011,0.0189,0.0391,0.020200000000000003,0.03340326930107291,-0.26537800000000006,0.025852553374860282,-0.3045,-0.2054,0.0991,0.26663427649122684,1.6422306666666657,16.436771243047083,-22.0247,31.1119,53.1366,16.518606795332346,-15.245161333333336,127.48884360120236,-202.7905,169.657,372.4475,128.39711907535622,4.193366,22.22114231748023,-30.1038,56.013,86.1168,22.613347481159586
gilang,S1,gilang_seg4,lift,0.40595533333333333,0.056046238692311505,0.293,0.4605,0.16750000000000004,0.4098059461907957,0.022707333333333336,0.00904041368276671,0.0101,0.0391,0.029000000000000005,0.024440786948596124,-0.23551000000000008,0.026347813951066223,-0.2872,-0.1998,0.0874,0.23697925521023988,4.214716666666667,15.77129072105141,-22.0247,23.2369,45.2616,16.32474954136204,1.392591333333324,130.9673929287342,-191.5751,179.7769,371.352,130.97479651127975,7.578945333333334,20.02291090549552,-25.5234,56.013,81.5364,21.409282414295596
gilang,S1,gilang_seg4,lift,0.4777186666666666,0.043893334933171296,0.434,0.5838,0.1498,0.47973091346434343,0.010478000000000003,0.006684308690258602,-0.0002,0.0206,0.0208,0.012428534373234306,-0.208882,0.02976614423580365,-0.2466,-0.1405,0.1061,0.21099221138863553,5.182636666666667,13.603528467856744,-22.096,26.2427,48.3387,14.557324946378943,8.387297333333342,140.88142440142394,-191.5751,202.393,393.9681,141.13087010973845,1.9277346666666673,18.7758846229021,-36.3297,36.6158,72.94550000000001,18.874586202552894
hikhmal,S1,hikhmal_seg5,lift,0.34846599999999994,0.10516472781942306,0.1579,0.4776,0.3197,0.3639892486507443,-0.090886,0.001345512541747568,-0.0931,-0.089,0.004100000000000006,0.09089595920611653,-0.7087686666666667,0.04996851827122975,-0.7928,-0.6366,0.1561999999999999,0.7105278852139912,-1.8939873333333332,17.490132318273243,-80.7702,21.6661,102.4363,17.592382343774062,-13.279515333333332,72.09423362701786,-126.3992,172.5543,298.9535,73.30705320605423,11.690835333333332,42.791170667306496,-74.5052,186.7587,261.26390000000004,44.35944000852205
hikhmal,S1,hikhmal_seg5,lift,0.47033200000000003,0.054814323334933794,0.3354,0.6107,0.27530000000000004,0.4735153643406586,-0.09490933333333333,0.004240335626129401,-0.1062,-0.0907,0.0155,0.09500401044166505,-0.6370693333333334,0.03591733833246679,-0.7089,-0.5684,0.14049999999999996,0.6380810220235881,3.2228833333333324,18.45676686215083,-80.7702,21.6661,102.4363,18.73604066989786,7.879315333333325,93.67048522160987,-126.3992,132.8919,259.2911,94.00129473456168,1.3777806666666674,56.05153145432597,-95.2267,186.7587,281.9854,56.06846223984329
hikhmal,S1,hikhmal_seg5,lift,0.5615493333333333,0.07512560304509303,0.4483,0.6474,0.1991,0.566552301204399,-0.101482,0.005057061992896666,-0.1071,-0.0932,0.013899999999999996,0.10160792390360113,-0.5708139999999999,0.04242555995309118,-0.6363,-0.5132,0.12309999999999999,0.5723884613908051,7.317735333333333,8.847237653121917,-9.4654,23.6555,33.1209,11.481413871972968,17.27317133333334,93.65154638653107,-174.3994,132.8919,307.2913,95.23116395644479,-17.681193333333333,32.46294012071338,-95.2267,45.6614,140.8881,36.96575549034178
hikhmal,S1,hikhmal_seg5,lift,0.6631726666666666,0.05108791493972805,0.603,0.7543,0.1513,0.6651375503357684,-0.10584066666666668,0.002159015104676719,-0.1107,-0.1025,0.008200000000000013,0.10586268495870804,-0.5083266666666666,0.02840359288697275,-0.5671,-0.4593,0.10780000000000006,0.5091195970823882,5.146915333333334,9.785464365549116,-9.9968,23.6555,33.6523,11.056493580603814,-14.300322666666668,76.59738719047812,-174.3994,99.9884,274.3878,77.92085056503683,-0.5437666666666671,23.92971556900379,-41.0985,77.8711,118.9696,23.935892910046203
hikhmal,S1,hikhmal_seg5,lift,0.72082,0.03947836031718305,0.6171,0.7553,0.1382,0.7219002793553507,-0.10737866666666666,0.002338591788995155,-0.1108,-0.1025,0.008300000000000002,0.10740412965369008,-0.4670133333333333,0.020997440055608895,-0.5126,-0.4353,0.07729999999999992,0.46748512917524976,2.3179426666666667,6.913206634814717,-9.9968,13.8258,23.8226,7.29145281693573,10.151520666666666,54.72875292749421,-57.3257,95.4123,152.738,55.66228318030501,4.862054,22.125242666778085,-19.9155,77.8711,97.78659999999999,22.65316605163025
hikhmal,S1,hikhmal_seg5,lift,0.7783893333333333,0.04102721397100006,0.732,0.8372,0.10520000000000007,0.7794698111750918,-0.10964733333333333,0.0018461020797585616,-0.112,-0.1066,0.005400000000000002,0.10966287338931074,-0.4291966666666667,0.0231426429394359,-0.4588,-0.3939,0.06490000000000001,0.42982014913216904,6.793331333333334,8.675894201853291,-7.8799,22.9677,30.8476,11.019096642021069,-10.01248133333333,56.32921939221169,-73.4025,85.9642,159.3667,57.21215552473327,-5.432188666666667,16.887649367580387,-31.4441,29.7292,61.1733,17.739824544583296
hikhmal,S1,hikhmal_seg5,lift,0.817788,0.024449645996073917,0.7571,0.8779,0.12080000000000002,0.8181534074568982,-0.11093600000000002,0.0019776174217139846,-0.116,-0.1078,0.008199999999999999,0.11095362574817765,-0.3935746666666667,0.01979746511270796,-0.4346,-0.3564,0.07819999999999999,0.3940722749276669,9.496582,6.968740516755951,-4.6828,22.9677,27.6505,11.779151670328385,6.933658666666667,61.066910721622044,-73.4025,85.9642,159.3667,61.45928089058967,2.0845566666666673,20.15203591685107,-31.4441,33.6127,65.0568,20.25956386723564
irvan,S1,irvan_seg6,lift,0.512002,0.050684330872568496,0.4626,0.6076,0.14500000000000002,0.5145045669379428,-0.04105266666666667,0.016319814936314552,-0.0735,-0.011,0.0625,0.044177571232470444,0.17426066666666665,0.01954753487157794,0.1529,0.2119,0.059,0.17535360294749197,13.872070666666668,37.13979264438893,-45.842,66.8301,112.6721,39.64591457198585,-31.182996666666657,135.54230208501917,-202.2901,176.9786,379.26869999999997,139.08305049724763,-5.7026933333333325,31.852183936070833,-71.7782,52.7738,124.55199999999999,32.35865159043765
irvan,S1,irvan_seg6,lift,0.5653440000000001,0.038453129010090535,0.4685,0.6076,0.1391,0.5666502285066747,-0.01873733333333333,0.01063559775262094,-0.0403,-0.0079,0.0324,0.021545384656580163,0.14089800000000002,0.025146507961676636,0.1016,0.1685,0.06690000000000002,0.14312439787355147,5.386371333333334,33.107387542012106,-45.842,55.3599,101.2019,33.54269079840694,24.489385333333335,141.4444279076629,-200.6437,190.9112,391.5549,143.54879372579393,7.028492000000001,30.870262897169116,-52.0575,57.9491,110.00659999999999,31.660272126663727
ramzy,S1,ramzy_seg7,lift,0.6170713333333333,0.030358847884741753,0.5664,0.6789,0.11249999999999993,0.617817683517287,-0.05273133333333334,0.0035921977797566894,-0.0586,-0.0478,0.010799999999999997,0.05285354671164462,-0.5290940000000001,0.024668712248514305,-0.5769,-0.487,0.08989999999999998,0.5296687702706286,8.151507333333335,3.4900680700925526,1.6327,12.704,11.0713,8.867223180864833,-0.7311139999999977,17.35199060679026,-32.4079,20.9608,53.3687,17.36738626561675,0.5110040000000003,8.708105144724886,-8.1101,19.2298,27.3399,8.723085480470774
ramzy,S1,ramzy_seg7,lift,0.6772986666666666,0.03913576707934685,0.6109,0.7268,0.1159,0.6784283986783965,-0.047605999999999996,0.0028879111251329513,-0.0528,-0.041,0.011799999999999998,0.04769351388466431,-0.48353666666666667,0.02806613241771814,-0.5293,-0.4398,0.08949999999999997,0.4843505092389188,10.228558,6.291817990864749,1.6327,21.7533,20.1206,12.008762317138821,1.8530160000000016,22.425492488511313,-53.7286,25.2995,79.0281,22.50191951031141,-3.685359333333334,14.228829555144241,-35.0167,19.2298,54.2465,14.698349020387743
ramzy,S1,ramzy_seg7,lift,0.7247753333333333,0.016325542100919313,0.6806,0.7602,0.0796,0.7249591761839652,-0.04101466666666666,0.005260841335333689,-0.0488,-0.0335,0.015300000000000001,0.041350687217183386,-0.4424713333333333,0.02102714225841342,-0.4863,-0.4033,0.08300000000000002,0.4429706779611189,10.362728,7.235370299937385,-2.2073,21.7533,23.9606,12.63869910153731,4.797840000000001,35.10761633050773,-53.7286,82.6988,136.4274,35.43393843585177,-3.6759726666666666,14.76433690954839,-35.0167,20.9296,55.9463,15.215072113688233
ramzy,S1,ramzy_seg7,lift,0.76464,0.03008369879741075,0.7271,0.8045,0.07740000000000002,0.7652315718351754,-0.034029333333333335,0.0031966971844215853,-0.0409,-0.0282,0.0127,0.034179151540083615,-0.4043913333333333,0.023807987277849052,-0.4395,-0.3723,0.06719999999999998,0.405091558457262,9.766804666666667,6.879369721772838,-2.2073,21.9341,24.1414,11.946388624419793,-3.183231333333333,39.615294286121596,-62.3914,82.6988,145.0902,39.74298055125626,-0.9424939999999999,16.49067912610527,-41.3164,20.9296,62.246,16.517590410837773
ramzy,S1,ramzy_seg7,lift,0.7970666666666667,0.011636561156783196,0.7613,0.8175,0.05620000000000003,0.7971516045688339,-0.028163999999999998,0.003985227387908165,-0.0339,-0.0223,0.0116,0.02844455894074178,-0.37759866666666664,0.00878897025949128,-0.4025,-0.3663,0.03620000000000001,0.3777009386626762,9.548954666666667,6.542283784842381,-0.3343,21.9341,22.2684,11.575146320779995,-6.083538000000002,33.495186969096856,-62.3914,39.8336,102.225,34.04316355293967,-2.4877840000000004,14.166781507061181,-41.3164,18.6453,59.9617,14.383558930232345
ramzy,S1,ramzy_seg7,lift,0.8217913333333333,0.02245812083758469,0.7956,0.8577,0.062100000000000044,0.8220981466548464,-0.022776,0.002307428005377416,-0.028,-0.0199,0.0081,0.022892583952013806,-0.36217133333333335,0.012069848585996796,-0.3743,-0.3369,0.037400000000000044,0.3623723995192422,5.869427333333334,6.757692250128951,-1.552,21.8899,23.4419,8.950786656419274,10.525733333333331,27.498750850346315,-51.2002,39.8336,91.0338,29.444394382188722,2.5760160000000005,5.569892336411061,-9.894,10.2558,20.1498,6.136738471816008
rizki,S1,rizki_seg8,lift,0.5734426666666667,0.05518387729118795,0.5028,0.6483,0.14549999999999996,0.5760917915286301,0.0028846666666666665,0.005214386977925167,-0.0071,0.0091,0.0162,0.005959121859245146,-0.066682,0.012398554055480286,-0.0864,-0.0421,0.044300000000000006,0.06782487203575592,7.593674000000001,17.761467730655706,-23.2362,35.3076,58.543800000000005,19.316666916561978,-1.1930306666666668,132.29177691778577,-194.3333,207.1503,401.4836,132.29715628930504,2.827508,27.266771231014307,-46.629,51.8804,98.5094,27.412982596837825
rizki,S1,rizki_seg8,lift,0.6385193333333334,0.038803021697915344,0.5706,0.7329,0.1623,0.6396972827309284,0.006098666666666666,0.003395644006992226,0.0006,0.011,0.0104,0.00698026742563158,-0.06927866666666667,0.01211532135585167,-0.0893,-0.0509,0.038400000000000004,0.0703300409971917,8.735655333333334,13.842870353442052,-12.2661,35.3076,47.5737,16.3687731282769,-8.82577466666667,120.03902234539132,-156.0085,180.5243,336.5328,120.36303911128256,1.945085999999998,24.92910457222516,-46.629,43.4259,90.0549,25.004871811715677
rizki,S1,rizki_seg8,lift,0.6866573333333335,0.05023319134684645,0.5977,0.7433,0.14559999999999995,0.6884923143603953,0.005223999999999999,0.002997925504967282,0.0009,0.011,0.0101,0.0060230999770328674,-0.07367400000000002,0.011781547323392346,-0.0893,-0.0544,0.03490000000000001,0.07461007394000714,3.679024666666666,9.549393809137392,-12.2661,20.1183,32.3844,10.233579267291251,20.40708466666666,112.73714020019652,-152.1246,180.5243,332.6489,114.56924493559023,3.7755466666666653,21.03828036921797,-30.317,43.4259,73.74289999999999,21.374377032465766
rizki,S1,rizki_seg8,lift,0.7475900000000001,0.04190069012955912,0.6943,0.8219,0.12759999999999994,0.7487632976671154,-0.00025799999999999933,0.005421835728484096,-0.0094,0.0063,0.0157,0.005427970768774153,-0.070214,0.011707980355296127,-0.0875,-0.0544,0.0331,0.07118344329968872,7.7316460000000005,8.366541605192515,-3.768,23.8405,27.6085,11.391987021618895,-11.095447333333333,103.07188795581764,-152.1246,132.2953,284.4199,103.66736727776683,-2.1648366666666665,23.774384229865042,-47.8773,39.2729,87.1502,23.872743103853818
rizki,S1,rizki_seg8,lift,0.780142,0.03231724466390454,0.701,0.8219,0.12090000000000001,0.7808110811628295,-0.005143333333333334,0.0033117249617415725,-0.0094,0.0055,0.0149,0.006117303327447479,-0.072208,0.009915526679573473,-0.0873,-0.0549,0.032400000000000005,0.07288561540752285,4.990790666666666,7.604249742140655,-3.5908,23.8405,27.4313,9.095746567453016,20.489058666666665,97.71650879997176,-113.3061,146.7114,260.0175,99.84146241467553,2.4701566666666666,24.64613997956791,-47.8773,39.2729,87.1502,24.76961626368752
septian,S1,septian_seg1,push,0.44112000000000007,0.03701270592647881,0.3748,0.4927,0.1179,0.4426700744346742,0.02962733333333334,0.014434809300976428,0.0015,0.0513,0.0498,0.03295667762381396,0.13098666666666667,0.16831552777117412,-0.1155,0.4208,0.5363,0.21327827768746946,7.951911333333332,13.302847827657239,-26.3517,46.1813,72.533,15.498343594687789,21.92432266666667,95.9485248202515,-114.615,154.1519,268.7669,98.42151868150853,16.818457333333335,56.930592362153114,-61.57,112.7287,174.2987,59.3628912181575
septian,S1,septian_seg1,push,0.4215966666666667,0.03396630568993664,0.3467,0.4666,0.1199,0.42296271616617304,0.004536666666666666,0.014677803726110463,-0.0199,0.0322,0.0521,0.015362918559527244,-0.11999933333333333,0.12155886612209284,-0.3263,0.1251,0.45139999999999997,0.17081100062154467,3.936430666666667,14.32668327349098,-26.3517,46.1813,72.533,14.857635747735909,-12.92589666666667,84.85362104888819,-109.4625,150.6292,260.0917,85.83248691343894,-2.8153873333333315,56.872482728026206,-61.57,112.7287,174.2987,56.94212586026564
septian,S1,septian_seg1,push,0.40012933333333334,0.04374363579869521,0.3363,0.4666,0.13030000000000003,0.40251334023441593,-0.01901133333333333,0.012568375851937099,-0.0375,0.0009,0.0384,0.0227902362134899,-0.3101426666666667,0.10256967540598386,-0.4618,-0.1175,0.3443,0.3266634537256961,3.244451333333334,12.909040791077324,-24.801,29.9911,54.7921,13.310514588101643,-26.24102066666667,80.67676696689763,-109.4625,115.7531,225.2156,84.83709031938527,-10.514710666666666,54.86284637445533,-71.2109,88.8695,160.0804,55.86135562901065
dafa,S1,dafa_seg2,push,0.5246786666666667,0.02969281301744395,0.4769,0.5655,0.08860000000000001,0.5255181884578307,0.05503,0.00887142791963804,0.04,0.0707,0.030699999999999998,0.05574049814392883,0.360148,0.15107435905098743,0.1036,0.5993,0.49570000000000003,0.39055094913041327,11.191508,22.94125328288037,-15.9691,74.2492,90.2183,25.525496146075856,14.199184666666667,95.748460497573,-205.581,179.3598,384.94079999999997,96.79558116388063,12.848047333333334,48.694054843885134,-49.2349,123.2007,172.4356,50.360533132790266
dafa,S1,dafa_seg2,push,0.5112893333333333,0.021663425849933235,0.4769,0.5577,0.08079999999999998,0.5117480692684634,0.04196,0.00680900384295187,0.0314,0.0572,0.025800000000000003,0.04250887123099522,0.11120533333333334,0.1412613996752907,-0.1412,0.377,0.5182,0.17978155967729284,6.6225293333333335,14.35927126753326,-13.8123,28.8506,42.6629,15.812860781827766,-7.075645333333335,57.96268867362244,-71.7042,109.8221,181.5263,58.39296220571791,-8.223424666666666,38.244491305296826,-43.1755,68.854,112.0295,39.11861230219276
dafa,S1,dafa_seg2,push,0.5022886666666667,0.022447234533951442,0.4662,0.5319,0.06570000000000004,0.5027899989061039,0.031022666666666664,0.006181285159432642,0.0201,0.0399,0.019799999999999998,0.031632485411888414,-0.11879400000000001,0.126866873653711,-0.2958,0.1012,0.397,0.17380223838221034,7.446119333333333,8.708970729163477,-13.8123,23.9805,37.7928,11.45822256232033,-8.636473333333335,58.752369866178356,-76.3879,134.1785,210.56640000000002,59.38374892619697,-4.8989326666666635,35.46868201710818,-42.8843,68.0604,110.94470000000001,35.805403856167665
dafa,S1,dafa_seg2,push,0.482638,0.022880640055149972,0.4477,0.5177,0.07000000000000006,0.48318005208548637,0.019343333333333337,0.007682468497964844,0.0053,0.0311,0.0258,0.020813093635177513,-0.3097446666666666,0.09015521470343367,-0.4493,-0.145,0.3043,0.3225983900559125,7.947558666666667,10.062714758547594,-11.4017,29.5667,40.9684,12.822710987618805,12.976551333333335,68.1712162348663,-76.4605,140.5533,217.0138,69.39528519609622,5.380502,35.32430668058746,-39.5901,68.0604,107.6505,35.73172881678411
dzaki,S1,dzaki_seg3,push,0.6568993333333333,0.05241589771137082,0.5353,0.748,0.2127,0.6589872232954648,0.04196066666666666,0.002171785645244228,0.0356,0.0448,0.0092,0.04201683234133673,-0.29502799999999996,0.0773942272782667,-0.4169,-0.1552,0.2617,0.3050104706399438,8.859224,5.230170326591414,2.073,17.9454,15.872399999999999,10.28788275240991,-23.481431333333337,34.0520530338072,-66.1371,51.245,117.38210000000001,41.363267923113455,-4.0562006666666655,16.744970995211254,-31.1313,23.7048,54.8361,17.229243090708696
dzaki,S1,dzaki_seg3,push,0.5727593333333334,0.05452333579507239,0.5124,0.6654,0.15300000000000002,0.5753486317587508,0.035139333333333335,0.005923893952085534,0.0246,0.0428,0.018199999999999997,0.035635168958020484,-0.4165993333333333,0.0624922677848139,-0.5182,-0.3016,0.21660000000000001,0.42126035662837624,6.8711953333333335,5.5824336184420105,-1.5858,20.5974,22.1832,8.853072371393637,-0.30021933333333134,53.007846114267146,-66.1371,87.7787,153.9158,53.008696280157025,2.0526326666666668,29.276792942890214,-31.1313,63.1342,94.2655,29.348661057791603
dzaki,S1,dzaki_seg3,push,0.49475666666666673,0.04282876668263464,0.4147,0.5385,0.12379999999999997,0.49660694967616664,0.026538000000000003,0.004310540105369627,0.0187,0.0356,0.0169,0.02688579922561351,-0.5202246666666667,0.05695616084518181,-0.6134,-0.4184,0.19499999999999995,0.5233332667303567,8.031534666666666,10.369790837633365,-11.9876,29.6802,41.6678,13.116329940884123,12.419910666666667,51.514809104656685,-49.0663,89.5296,138.5959,52.99084579488423,9.345673333333334,32.94943783635904,-33.0985,63.1342,96.2327,34.249190702635104
dzaki,S1,dzaki_seg3,push,0.4491819999999999,0.03088012752564341,0.4147,0.528,0.11330000000000001,0.45024221414700777,0.017777333333333332,0.0061040876650177815,0.0074,0.0257,0.0183,0.01879610243286269,-0.605874,0.04392599751096534,-0.6785,-0.5194,0.15910000000000002,0.6074642352709609,8.273684666666668,10.225054708031227,-11.9876,29.6802,41.6678,13.153159382660375,-2.7874206666666668,40.94906851744379,-48.2405,90.8545,139.095,41.043829334252756,-1.8654553333333328,29.658854283339036,-33.0985,61.8322,94.9307,29.717462223430182
gilang,S1,gilang_seg4,push,0.5309386666666668,0.046381737478834874,0.474,0.6328,0.15880000000000005,0.532960724006313,-0.00374,0.006189776517236575,-0.0137,0.0069,0.0206,0.007231938421566746,-0.31247266666666673,0.06718994061282951,-0.4175,-0.1921,0.2254,0.3196148549947786,11.683452666666668,9.681568895832925,2.3643,35.6396,33.2753,15.173524392803406,-12.234768000000003,67.26296973626754,-172.2082,94.7884,266.9966,68.36663400925825,3.7549406666666663,28.039748536537907,-48.1224,48.9003,97.0227,28.290052622829574
gilang,S1,gilang_seg4,push,0.470936,0.04160016230737568,0.3972,0.5231,0.1259,0.47276980614248204,-0.015250000000000001,0.007095207302585786,-0.0286,-0.005,0.0236,0.016819764167986025,-0.42260133333333333,0.058907216294402806,-0.5161,-0.3226,0.1935,0.4266871770591034,7.565831333333334,5.906024689644032,-7.579,16.4319,24.0109,9.598069149528635,15.172118000000003,63.80052100948818,-73.5781,117.8201,191.3982,65.57971977439418,6.971715333333333,46.807533613844306,-63.8479,81.2082,145.05610000000001,47.32388422034058
hikhmal,S1,hikhmal_seg5,push,0.29334733333333335,0.030717434130401507,0.239,0.3413,0.1023,0.29495121415809317,0.06194399999999999,0.029173781562674844,0.0206,0.119,0.09839999999999999,0.06847020276490108,-0.24357666666666664,0.055969599387127617,-0.3503,-0.1483,0.202,0.24992436575892313,8.151566666666666,17.9601926475847,-52.0623,39.1811,91.24340000000001,19.72350270767002,-12.512856666666666,72.45809697316687,-135.8621,173.3499,309.212,73.53058818568908,-8.195591333333333,52.3183847585237,-68.6088,147.3598,215.9686,52.95640755417547
hikhmal,S1,hikhmal_seg5,push,0.30005533333333334,0.03135383982155225,0.2446,0.3413,0.09669999999999998,0.3016890225602074,0.016228,0.023313896056501013,-0.0177,0.0665,0.0842,0.02840573416289981,-0.3392246666666667,0.05514464003771254,-0.4294,-0.2596,0.1698,0.34367761899780436,6.897843333333333,20.177235899754013,-52.0623,39.1811,91.24340000000001,21.32372132638985,-18.92455,90.57036441124419,-135.8621,173.3499,309.212,92.52637192869969,-6.771015999999998,54.068396400257186,-71.0866,119.313,190.39960000000002,54.49071615392479
hikhmal,S1,hikhmal_seg5,push,0.27575866666666665,0.038395038197952376,0.206,0.3348,0.1288,0.27841878744079035,-0.013127999999999999,0.01459574878746091,-0.0383,0.0201,0.0584,0.019631104570723132,-0.4318053333333334,0.047682415747899734,-0.5056,-0.3521,0.15350000000000003,0.43443003886318293,5.095974666666667,15.051845203554223,-43.4955,35.7774,79.27289999999999,15.891098194746222,-2.479306,85.7175547867314,-126.0741,148.4538,274.5279,85.75340317945366,5.317340666666667,52.91977149188899,-73.1019,119.313,192.4149,53.18624189129303
hikhmal,S1,hikhmal_seg5,push,0.23914599999999997,0.04587808282829613,0.1605,0.3024,0.1419,0.24350689476891615,-0.030271333333333334,0.009291166677130607,-0.0435,-0.0145,0.028999999999999998,0.03166511329523392,-0.5110113333333334,0.04201566142391298,-0.5794,-0.431,0.14840000000000003,0.5127357005319603,3.4326906666666663,11.884961691590746,-13.4039,32.7203,46.1242,12.370759056080592,4.545680666666668,77.47060162757026,-103.0885,157.6066,260.69509999999997,77.6038486755715,4.1739826666666655,55.056525342585566,-74.5936,105.8878,180.4814,55.21451905160815
hikhmal,S1,hikhmal_seg5,push,0.23297866666666664,0.040629223614973925,0.1605,0.3021,0.14159999999999998,0.23649480529883385,-0.04298599999999999,0.00578530356449282,-0.0507,-0.0349,0.0158,0.04337356260826788,-0.5733060000000001,0.03299198332928774,-0.6309,-0.5066,0.12429999999999997,0.5742545085587051,4.862737333333334,12.38432428820427,-24.8417,32.7203,57.562,13.304799977767422,-19.993875333333335,79.69071549717607,-106.8738,164.6038,271.4776,82.16060605482858,-15.269940666666669,51.06348023003537,-74.9056,105.8878,180.79340000000002,53.29774949438985
hikhmal,S1,hikhmal_seg5,push,0.21340599999999998,0.04251722980941569,0.1302,0.2709,0.14069999999999996,0.2176001738663521,-0.05130933333333334,0.005363436046250782,-0.0652,-0.0432,0.021999999999999992,0.05158889544595168,-0.6278446666666666,0.0313164866838894,-0.6713,-0.5783,0.09299999999999997,0.628625204553556,12.124584666666665,18.142137273580296,-25.2252,46.4751,71.7003,21.820694264679112,-10.001920000000002,86.6538329955346,-113.727,164.6038,278.3308,87.2291532488101,-5.5092273333333335,52.70853633544368,-74.9056,129.2742,204.1798,52.99567329919616
hikhmal,S1,hikhmal_seg5,push,0.17699866666666667,0.04457819644425089,0.106,0.2448,0.13879999999999998,0.1825260080098176,-0.06063933333333334,0.007680311596688133,-0.0721,-0.0475,0.024599999999999997,0.06112377551602431,-0.6763946666666666,0.024189983565287697,-0.7214,-0.632,0.08940000000000003,0.676827083086958,11.598294666666668,19.149407058502835,-25.2252,46.4751,71.7003,22.38794831750035,3.434254000000001,76.31053319706756,-113.727,146.1119,259.83889999999997,76.38777112442322,10.125135333333334,58.244497392289496,-72.4235,129.2742,201.6977,59.11801622178076
hikhmal,S1,hikhmal_seg5,push,0.169658,0.03868172224707685,0.106,0.243,0.137,0.17401181741479513,-0.072674,0.0061937218751463696,-0.0816,-0.0648,0.01680000000000001,0.0729374558554565,-0.7156180000000001,0.02281784117746462,-0.7521,-0.6721,0.07999999999999996,0.7159816867769734,4.504742666666666,12.33042146226071,-18.9115,42.5517,61.4632,13.12752832523574,-21.83860866666667,59.60584882864537,-104.3206,89.0735,193.39409999999998,63.480564293956405,-10.773584666666668,52.8881447009967,-74.4509,115.2169,189.6678,53.97430848545815
hikhmal,S1,hikhmal_seg5,push,0.13612200000000002,0.04484784479399949,0.0551,0.1966,0.1415,0.14331967089924072,-0.080998,0.004191634048912189,-0.088,-0.0725,0.0155,0.08110638569188001,-0.7489353333333334,0.016215634992877155,-0.771,-0.7215,0.04949999999999999,0.7491108598420753,5.023498666666666,18.311387437511797,-49.1619,49.2014,98.36330000000001,18.987955359665943,2.4940526666666667,74.75361071231606,-82.3708,149.3812,231.752,74.79520448018442,-1.7021380000000015,52.87594980413644,-74.4509,138.6769,213.12779999999998,52.90333960593225
irvan,S1,irvan_seg6,push,0.2335806666666667,0.2251399895462574,-0.0979,0.6542,0.7521,0.3244193932756384,-0.16311866666666663,0.017029642339820947,-0.1966,-0.132,0.06459999999999999,0.16400520764089577,-0.9323533333333334,0.07220201720789308,-0.9947,-0.4197,0.575,0.9351448387638497,2.7106139999999996,9.817772601373017,-10.4617,21.3054,31.7671,10.185091413888568,-21.388783333333333,79.15174628966852,-106.047,148.554,254.601,81.99072504365559,-14.470897333333335,44.71364038956785,-61.5456,86.179,147.7246,46.996984015141514
irvan,S1,irvan_seg6,push,0.23010200000000003,0.13121728720967626,-0.0934,0.3947,0.4881,0.2648865924630136,-0.15573733333333334,0.012895330145271796,-0.1828,-0.1319,0.0509,0.15627029958803218,-0.9235366666666666,0.02872271671613873,-0.9947,-0.8914,0.10330000000000006,0.923983208252906,-1.9677986666666667,14.13993323334537,-23.9638,23.1078,47.071600000000004,14.276201996189323,21.783659999999998,89.47257946778183,-106.047,149.539,255.58599999999998,92.08621134357811,14.491586,53.67462355006386,-54.2831,100.0866,154.3697,55.59650418899076
irvan,S1,irvan_seg6,push,0.30804266666666663,0.08585520317889236,0.1645,0.4268,0.2623,0.31978336479560654,-0.13583599999999998,0.017295584330496997,-0.1632,-0.1092,0.054000000000000006,0.1369326700730448,-0.8985026666666666,0.024279807650711638,-0.9409,-0.8683,0.0726,0.8988306576139171,7.049653333333329,23.637783804092592,-23.9638,48.995,72.9588,24.666625940513228,-11.053094666666663,83.08670314012689,-101.6326,149.539,251.17159999999998,83.81868013996562,-14.348614666666666,58.083379316805576,-75.0782,100.0866,175.1648,59.829438370357444
ramzy,S1,ramzy_seg7,push,0.3241286666666666,0.01765646750878807,0.2999,0.3616,0.06169999999999998,0.3246092164434029,0.10082133333333333,0.02310391478131406,0.0536,0.1379,0.08429999999999999,0.10343467568148185,-0.3141113333333333,0.06683064919298297,-0.4108,-0.189,0.2218,0.32114212647985,13.661629999999999,11.774587863772556,-4.6992,44.5047,49.2039,18.035549717671486,8.0657,44.37603100268282,-56.3087,104.0971,160.4058,45.10307798854826,8.372440666666666,24.24689591659132,-29.2631,55.6787,84.9418,25.651700222536256
ramzy,S1,ramzy_seg7,push,0.343796,0.021714351260552697,0.2999,0.3637,0.06380000000000002,0.3444810628563879,0.05954466666666666,0.027367412584231553,0.0204,0.1054,0.08499999999999999,0.0655327597465573,-0.4182833333333333,0.05256438898045795,-0.5209,-0.3271,0.19380000000000003,0.4215731987844262,9.361899333333332,13.09023591692422,-6.0416,44.5047,50.5463,16.09345940089327,0.09045466666666925,47.26530849893692,-56.3087,104.0971,160.4058,47.265395053319935,3.3834373333333345,26.616480448563056,-29.2631,55.6787,84.9418,26.83066677623449
ramzy,S1,ramzy_seg7,push,0.3644693333333333,0.014706701178563314,0.342,0.3921,0.05009999999999998,0.36476592768513894,0.018423999999999996,0.020536740020428428,-0.0132,0.053,0.0662,0.02758987978710068,-0.503746,0.04693859340315458,-0.5739,-0.4121,0.16179999999999994,0.5059281214428257,2.871216,3.948263649826845,-6.0416,9.9833,16.0249,4.881871277205084,-16.767652666666667,54.79014581570996,-108.3287,94.4368,202.7655,57.298466423253714,-9.919928666666666,30.836805083257975,-62.0921,48.0259,110.118,32.393109336625905
ramzy,S1,ramzy_seg7,push,0.3674766666666667,0.015579261500112544,0.342,0.3921,0.05009999999999998,0.36780676167429727,-0.010743333333333332,0.014587910138954866,-0.0372,0.0198,0.056999999999999995,0.018117017782552768,-0.5770566666666667,0.035602407065939916,-0.6262,-0.5224,0.1038,0.5781538964093672,6.389424000000001,4.786738313906872,-4.1504,16.431,20.581400000000002,7.983583326902776,10.887136000000002,65.24588254234723,-108.3287,100.333,208.6617,66.14797743704841,5.7727980000000025,37.65245676035402,-62.0921,49.4241,111.5162,38.092423089626806
ramzy,S1,ramzy_seg7,push,0.379632,0.018471831961123945,0.3513,0.4036,0.05230000000000001,0.38008112818186596,-0.03194866666666666,0.01117409943674309,-0.0428,-0.0133,0.0295,0.033846385331376225,-0.6303773333333333,0.02616867375741885,-0.6841,-0.5755,0.10860000000000003,0.6309202658550973,4.1368246666666675,6.332211503342116,-8.9217,16.431,25.3527,7.563743837928411,-2.0701680000000033,51.08233402500231,-71.0184,100.333,171.3514,51.124264737892645,-7.382184666666668,34.52841823531594,-55.6548,49.4241,105.0789,35.3087569348691
ramzy,S1,ramzy_seg7,push,0.3953546666666667,0.014443658754700007,0.3736,0.4273,0.053700000000000025,0.395618416827798,-0.045272,0.005564987211725348,-0.0593,-0.0379,0.021399999999999995,0.04561275114117397,-0.6709326666666666,0.024009491169581714,-0.6963,-0.6263,0.07000000000000006,0.6713621220076885,5.1474426666666675,7.108253838792821,-8.9217,20.8327,29.754399999999997,8.776299826426474,2.745681999999997,54.29381024260631,-71.0184,97.8799,168.8983,54.36319159417764,-5.430610666666665,34.76600091057957,-55.6548,58.0311,113.6859,35.187588032249856
rizki,S1,rizki_seg8,push,0.11046533333333333,0.14619492649047558,-0.1158,0.3026,0.4184,0.18323631299499563,-0.10709733333333332,0.01810010293402284,-0.1356,-0.0717,0.0639,0.10861607861331274,-1.0193306666666668,0.07257181633542199,-1.093,-0.5089,0.5841,1.021910796759352,2.7740006666666654,7.954279603856838,-12.7334,25.1489,37.8823,8.424110856048845,-9.102468,44.41607305833077,-72.0707,74.1688,146.23950000000002,45.33919352628584,-8.241681999999999,30.088174273615806,-53.7956,49.5255,103.3211,31.19653111018275
rizki,S1,rizki_seg8,push,0.17195066666666667,0.09893220961625974,-0.0998,0.2915,0.3913,0.19837997345162306,-0.11770466666666667,0.01213427287571127,-0.1356,-0.0837,0.0519,0.11832847980656784,-1.0256126666666665,0.02424858565405871,-1.0894,-0.996,0.09339999999999993,1.025899281573651,5.609279333333332,7.5018812246111235,-7.5864,25.1489,32.7353,9.36708260599496,4.684552,47.89340199392497,-72.0707,92.3108,164.38150000000002,48.12195945711687,2.208896,34.50003711439333,-39.9134,66.7751,106.6885,34.57067807309156
rizki,S1,rizki_seg8,push,0.23066666666666663,0.06824528082992666,0.1206,0.3162,0.1956,0.24055047176562896,-0.12052199999999999,0.004733087364501103,-0.1281,-0.111,0.01709999999999999,0.1206149020643801,-1.0064013333333335,0.01958785333369183,-1.0378,-0.9825,0.055300000000000016,1.0065919370496335,4.842528000000001,5.401854756533414,-7.5864,13.7795,21.3659,7.254661414667584,-4.5745733333333325,54.06544075241,-72.2644,107.581,179.84539999999998,54.25862700930056,-7.0760173333333345,38.255766911439196,-48.9346,66.7751,115.7097,38.90467482557849
rizki,S1,rizki_seg8,push,0.26525533333333334,0.0357433435046148,0.1724,0.3162,0.14379999999999998,0.2676527198940199,-0.11780866666666669,0.006229456227383645,-0.1281,-0.1087,0.019399999999999987,0.11797325148806685,-0.9947873333333335,0.01017162259534938,-1.0221,-0.9825,0.03959999999999997,0.9948393339965338,5.646752,2.9376430370104534,-2.3235,12.3478,14.671299999999999,6.3651830109117835,8.82628,62.433801498021886,-72.2644,109.2745,181.5389,63.05460164121886,-1.9164213333333329,38.75179376730766,-48.9346,63.8032,112.7378,38.79915193545859
rizki,S1,rizki_seg8,push,0.30321866666666664,0.05919263961751401,0.2292,0.385,0.15580000000000002,0.3089422735722646,-0.1149,0.004307497339910186,-0.1234,-0.1087,0.01469999999999999,0.11498071374510307,-0.9779353333333334,0.023369461944074695,-1.0066,-0.9463,0.06029999999999991,0.9782145204060985,5.842017333333334,7.3348563145367445,-9.816,17.2884,27.1044,9.377061569482557,-0.8395326666666673,63.914217651495456,-83.0785,109.2745,192.353,63.91973117200302,-7.999419333333335,40.67313959312492,-60.8624,51.108,111.9704,41.45232193776765
septian,S1,septian_seg1,rotate,0.30500999999999995,0.032174096723917515,0.262,0.3584,0.09639999999999999,0.3067022539858486,0.0028846666666666643,0.05508383881159902,-0.0788,0.1127,0.1915,0.055159320155346366,-0.14038933333333334,0.02812041049170908,-0.1796,-0.0999,0.07970000000000001,0.14317793964155232,26.044558666666664,161.08734328066174,-232.1348,247.4558,479.5906,163.17919965903496,40.41657266666667,67.26975408705945,-90.8323,149.4656,240.2979,78.47750735754417,29.324016666666665,214.61099829934358,-248.2387,248.3517,496.5904,216.60512123333513
septian,S1,septian_seg1,rotate,0.24062600000000003,0.04283151087692331,0.1724,0.3074,0.135,0.24440828586608923,0.07068866666666666,0.054556867623507206,-0.0247,0.1713,0.196,0.08929355743837289,-0.08792133333333334,0.02930998370673189,-0.1379,-0.0453,0.09259999999999999,0.09267813118530174,36.42343,120.1934341215003,-192.2097,231.6486,423.8583,125.59111377356413,-9.347359333333332,75.64289629014047,-140.4824,191.8846,332.367,76.2182450970068,58.23480333333334,205.12512531207886,-248.8513,248.5686,497.4199,213.23135171350404
dafa,S1,dafa_seg2,rotate,0.304044,0.08866030715038155,0.1352,0.4285,0.2933,0.31670712653806826,0.028438000000000005,0.015733173742128445,-0.0028,0.0574,0.0602,0.03250003999997538,-0.24772199999999997,0.07344835361894325,-0.3687,-0.1152,0.25350000000000006,0.2583812104881726,58.360456,132.39210076952298,-202.8481,245.7435,448.59159999999997,144.68452291345977,-1.1737486666666668,74.99249363988348,-81.9745,187.5063,269.48080000000004,75.00167856961914,41.42331933333333,222.44444588710047,-249.1454,248.9641,498.1095,226.26847524701816
dafa,S1,dafa_seg2,rotate,0.17578333333333332,0.07870360975767814,0.046,0.3498,0.3038,0.19259812685139663,0.020010666666666666,0.021868141657570162,-0.0221,0.0574,0.0795,0.02964190277293278,-0.13174133333333335,0.06489301676520279,-0.2598,-0.0213,0.2385,0.14685667343819736,10.476521333333343,138.91143893349826,-221.6555,245.7435,467.399,139.30594160272847,11.156707333333332,69.19722211213404,-81.9745,187.2258,269.20029999999997,70.09085294500036,-38.426408666666674,211.49365126551984,-249.1454,248.9641,498.1095,214.95616624939836
dzaki,S1,dzaki_seg3,rotate,0.23302066666666665,0.20080357476787,-0.0884,0.6377,0.7261000000000001,0.3076047898413374,0.7125273333333333,0.16908010484054264,0.1573,0.9429,0.7856,0.7323136504258267,0.181,0.06316136793958788,-0.0183,0.2721,0.2904,0.19170382990436052,24.849723333333333,88.62027514373177,-170.0482,186.7958,356.84400000000005,92.03837197763731,-5.697550666666663,60.29819401547474,-104.6731,82.126,186.7991,60.56677542289227,22.141542666666666,218.98432661492598,-247.7325,248.8429,496.57539999999995,220.100847828109
dzaki,S1,dzaki_seg3,rotate,0.01556533333333333,0.20022780958587033,-0.2576,0.4195,0.6771,0.20083190815538587,0.5175186666666666,0.1557648511428543,0.2879,0.7592,0.4713,0.5404519027628638,0.17035799999999998,0.01804869808785849,0.1365,0.2028,0.0663,0.17131142304781272,31.16510866666667,127.66836785950382,-225.9768,238.7675,464.7443,131.41718361810504,0.7335453333333347,65.19430718873706,-104.6731,137.3013,241.9744,65.19843386597155,0.42887600000000325,224.44507202994254,-249.1986,248.9156,498.1142,224.44548178377187
dzaki,S1,dzaki_seg3,rotate,-0.16295066666666672,0.09712422062950564,-0.2896,0.0439,0.3335,0.18969985239846657,0.2926566666666667,0.11494097523898467,0.1114,0.4651,0.3537,0.3144190711985094,0.1665053333333333,0.012944964460703971,0.1365,0.1858,0.04929999999999998,0.167007778661155,15.281988666666667,137.88246742337404,-225.9768,238.7675,464.7443,138.72676021721958,37.09357,67.07326098618708,-65.4833,166.2907,231.774,76.6469521550992,-75.31465266666666,218.54265512876572,-249.1986,249.3083,498.5069,231.15620047282155
dzaki,S1,dzaki_seg3,rotate,-0.268996,0.07302340161893309,-0.4005,-0.1597,0.24080000000000001,0.2787315288947413,0.143382,0.0998392054388789,-0.0338,0.4179,0.4517,0.17471767187856718,0.173444,0.011803425943343736,0.1544,0.1958,0.04139999999999999,0.17384516674328337,49.674347999999995,132.4295408255327,-149.3523,245.6491,395.0014,141.43947162120813,31.037098,55.10452403459625,-65.4833,166.2907,231.774,63.244051272360785,-10.88617066666667,228.24135612175738,-249.1733,249.3083,498.4816,228.50082134662594
dzaki,S1,dzaki_seg3,rotate,-0.30661666666666665,0.0536294203047378,-0.4005,-0.2074,0.19310000000000002,0.31127141693383925,0.08355066666666666,0.06639070592250762,-0.0338,0.176,0.2098,0.10671663288041527,0.18336733333333333,0.01084827173127386,0.1631,0.1991,0.036000000000000004,0.18368795260803938,68.67949333333334,128.0886371614176,-150.6011,245.6491,396.2502,145.33950520898532,9.985375999999997,49.011516947619135,-80.2576,117.7363,197.9939,50.01836190208685,59.88362733333334,221.9338120454111,-249.173,249.2248,498.39779999999996,229.87097631411712
dzaki,S1,dzaki_seg3,rotate,-0.2590446666666667,0.04882555961333731,-0.3426,-0.1825,0.16010000000000002,0.26360590774866943,0.08247533333333332,0.049752745903004075,-0.0232,0.1723,0.1955,0.09631986468705889,0.18571133333333334,0.011864909251888763,0.1631,0.2095,0.0464,0.18608996587672316,8.587788000000003,128.57687185256654,-206.8031,232.2291,439.0322,128.86334652694794,21.535535999999997,59.36102727723893,-80.2576,118.3345,198.59210000000002,63.14674077271447,-25.248419333333334,223.79166918267197,-249.1769,248.9272,498.1041,225.21144259206355
dzaki,S1,dzaki_seg3,rotate,-0.20949666666666666,0.052726284927180504,-0.2883,-0.0902,0.1981,0.2160298925303317,0.11762000000000006,0.0553854926853594,0.0196,0.2053,0.1857,0.13000775823003793,0.19302066666666667,0.012781279522106628,0.1696,0.2125,0.042899999999999994,0.1934433737988114,-1.1909986666666705,128.86629531434144,-206.8031,216.0603,422.8634,128.8717988772837,28.628064000000002,51.13911263929437,-31.8783,118.3345,150.21280000000002,58.606952573244534,-29.806453999999995,215.87932470004705,-249.1769,249.0106,498.1875,217.9272987328629
gilang,S1,gilang_seg4,rotate,0.34544199999999997,0.06393304338133762,0.2192,0.4657,0.2465,0.35130842489186054,0.021618000000000005,0.041996174540069715,-0.049,0.1022,0.1512,0.04723363843702918,0.6149813333333333,0.040046846545292704,0.5594,0.6831,0.12370000000000003,0.6162838552701723,0.2899506666666639,128.83206178651065,-215.8447,240.1474,455.9921,128.832388068965,10.837973333333332,65.28049260937365,-91.8729,144.8192,236.69209999999998,66.17404613061328,-21.546428666666664,224.78639142851225,-249.1787,248.7616,497.9403,225.81667422876475
gilang,S1,gilang_seg4,rotate,0.2539146666666666,0.06152180685108511,0.1315,0.3519,0.22039999999999998,0.2612615369063473,0.03492933333333333,0.04020878104206703,-0.032,0.1022,0.13419999999999999,0.0532616597563388,0.5528173333333333,0.028428229506757698,0.5141,0.6094,0.09530000000000005,0.5535478012481548,-18.541981999999997,127.20475294378014,-199.4919,241.4945,440.9864,128.549034488698,23.084698666666664,62.27762764957679,-91.8729,156.5647,248.43759999999997,66.41841776337444,-73.140014,214.7928015741313,-249.1787,248.7215,497.9002,226.90396483090447
gilang,S1,gilang_seg4,rotate,0.16122933333333334,0.05256644499636203,0.0832,0.241,0.1578,0.16958221919371932,0.059594666666666664,0.039226075998272145,-0.0058,0.1357,0.1415,0.0713457029773576,0.5096299999999999,0.022647000537230826,0.4746,0.5582,0.08360000000000001,0.5101329469200488,-15.865537999999997,140.90923513703737,-208.2675,241.4945,449.762,141.79960452319438,20.859952,75.31249257885504,-101.5224,156.5647,258.08709999999996,78.14799508549405,-56.98068000000001,218.24337542010113,-249.1533,248.7792,497.9325,225.55923569657173
gilang,S1,gilang_seg4,rotate,0.08959733333333335,0.029311831392042968,0.0393,0.1342,0.09490000000000001,0.0942701734378377,0.090282,0.04370613697563917,0.0229,0.1726,0.1497,0.10030486495346741,0.475964,0.022926020965996986,0.4339,0.5146,0.08069999999999994,0.476515825270613,-3.5578313333333322,143.7760589883685,-208.2675,236.1986,444.4661,143.82007266728544,2.6421046666666674,74.28915882435906,-101.5224,138.0071,239.5295,74.33612739375428,-5.442444666666664,226.86921237414816,-249.0209,248.7792,497.80010000000004,226.93448333652614
gilang,S1,gilang_seg4,rotate,0.04414733333333333,0.028570853905490627,-0.0048,0.0879,0.0927,0.05258593664976724,0.13365466666666667,0.0510512390795322,0.0422,0.2154,0.17320000000000002,0.14307270506051575,0.4442186666666667,0.02099721374108691,0.4044,0.4792,0.07480000000000003,0.4447146352437707,29.00559466666667,117.8527489800832,-176.9259,196.9417,373.86760000000004,121.36966245371808,-5.834682666666666,64.05225727334907,-82.359,141.2091,223.56810000000002,64.31745629012391,56.697032,214.23028059224316,-249.2472,248.8519,498.0991,221.6058811499376
hikhmal,S1,hikhmal_seg5,rotate,0.42381199999999997,0.08689764317479119,0.3191,0.5412,0.22210000000000002,0.43262895387772343,0.07123800000000001,0.03788501492674907,0.0014,0.145,0.14359999999999998,0.08068535802733975,-0.1836386666666667,0.015085948369997238,-0.2013,-0.1568,0.04450000000000001,0.18425728135770736,24.91994800000001,87.19414619765229,-131.7069,228.9813,360.6882,90.68529615908119,6.592012,45.957098719031315,-96.8902,94.8197,191.7099,46.4274654151929,3.03595400000002,195.39721881309865,-248.3967,249.3782,497.7749,195.42080272218735
hikhmal,S1,hikhmal_seg5,rotate,0.270128,0.092881979680309,0.0936,0.4286,0.33499999999999996,0.28565048316663727,0.07211933333333333,0.03981573842367139,0.0014,0.145,0.14359999999999998,0.08238016306530757,-0.154202,0.0179190605036462,-0.1836,-0.1209,0.06270000000000002,0.15523965193639586,75.98314133333334,78.54131443554124,-52.5928,232.9387,285.5315,109.2802628114696,4.933511333333334,51.87274544446056,-96.8902,94.8197,191.7099,52.10682540725287,61.73571933333334,224.12630562970296,-249.3027,249.3782,498.68089999999995,232.47343916418308
hikhmal,S1,hikhmal_seg5,rotate,0.147306,0.08104013016606855,-0.0038,0.3195,0.32330000000000003,0.16812661994262937,0.047068,0.02792292324715782,-0.0108,0.0938,0.1046,0.054727381324768926,-0.12340200000000001,0.01815304371173055,-0.1564,-0.0898,0.0666,0.12473005491861214,33.066221999999996,100.29776805964919,-162.366,232.9387,395.3047,105.6078468443537,18.34314266666667,68.85777896158463,-164.3745,197.7746,362.1491,71.25913700299867,-55.031726000000006,226.31459152755556,-249.3027,249.323,498.6257,232.90939269343218
hikhmal,S1,hikhmal_seg5,rotate,0.038623333333333336,0.06549043331323709,-0.0407,0.141,0.18169999999999997,0.07603130101039526,0.04764400000000001,0.03545132151744605,-0.0108,0.1133,0.1241,0.05938642044553059,-0.09119466666666667,0.018976237023065334,-0.1209,-0.0585,0.06239999999999999,0.09314807995874096,5.468469333333333,119.35612100556996,-169.5486,213.7667,383.3153,119.4813281577748,17.20819666666667,79.44178104344542,-164.3745,197.7746,362.1491,81.28418424191388,-57.58280333333334,224.38812565279426,-249.1902,249.323,498.5132,231.6588227840665
hikhmal,S1,hikhmal_seg5,rotate,-0.060818,0.04737892227562801,-0.1334,0.007,0.1404,0.07709469112721057,0.068626,0.03644789967428393,-0.0019,0.1271,0.129,0.07770442243956689,-0.056749999999999995,0.0193970676478001,-0.089,-0.0296,0.059399999999999994,0.05997340021487304,36.591599333333335,105.07019816454427,-169.5486,209.1386,378.68719999999996,111.25956895524898,-17.841782000000002,59.649296399226785,-102.4063,117.9088,220.3151,62.26048301979622,48.912126666666666,223.14458993917634,-248.9137,249.1714,498.0851,228.44234317258085
hikhmal,S1,hikhmal_seg5,rotate,-0.07189866666666667,0.041936634719008575,-0.1334,0.0065,0.1399,0.08323520649340639,0.08091066666666666,0.03864792904614109,0.0199,0.1699,0.15,0.08966715340636168,-0.030947333333333327,0.012610137174335399,-0.0582,-0.0049,0.0533,0.033417854509229045,14.369695333333329,83.80297452697991,-178.9335,170.933,349.8665,85.02603532767165,-18.183879333333334,40.04996667726004,-102.4063,42.9557,145.362,43.984693911164904,7.985919333333343,220.59847702338163,-248.302,249.1714,497.47339999999997,220.7429794413266
hikhmal,S1,hikhmal_seg5,rotate,-0.013874000000000001,0.052653365109300784,-0.0863,0.096,0.18230000000000002,0.05445057146929987,0.10544933333333334,0.04684384946702063,0.0199,0.1795,0.1596,0.11538590959616055,-0.015753999999999997,0.00963014454720177,-0.0312,-0.0039,0.027299999999999998,0.018464241116276616,-2.733262666666666,84.44360763190588,-178.9335,156.2332,335.1667,84.48783104504618,0.9555573333333351,42.15382958212985,-82.5048,84.0138,166.5186,42.1646586403416,-42.799353999999994,205.42807013068057,-247.071,248.7999,495.8709,209.83916865169175
irvan,S1,irvan_seg6,rotate,0.36440266666666665,0.036125495976602945,0.3181,0.4142,0.09610000000000002,0.3661889606928823,0.07007000000000001,0.022508427310676326,0.0448,0.1179,0.0731,0.07359642790244646,0.5651213333333334,0.03521956385621807,0.4984,0.646,0.1476,0.5662177488092957,9.24538666666667,124.52392767823093,-225.3492,232.496,457.8452,124.86667185053611,-21.14795866666667,78.05387550289282,-219.8096,127.7745,347.5841,80.86806314478005,-7.135893333333334,192.6604446621595,-247.4532,248.6239,496.0771,192.79255149275278
irvan,S1,irvan_seg6,rotate,0.30555933333333335,0.035444234315643246,0.2482,0.3791,0.1309,0.30760819224028046,0.092714,0.028466190542466338,0.0448,0.1424,0.09759999999999999,0.09698561645934926,0.51238,0.031068972732722702,0.4618,0.5626,0.1008,0.5133210939233519,42.79275666666667,118.6015626302079,-142.6166,232.496,375.11260000000004,126.08548957536576,-7.013729999999999,63.75329812846051,-95.5275,114.984,210.5115,64.13794064958172,53.66418133333334,218.7478008820131,-249.1969,248.6239,497.82079999999996,225.2341997763522
irvan,S1,irvan_seg6,rotate,0.2575226666666667,0.03739493753021776,0.1785,0.3277,0.1492,0.26022356772590755,0.102214,0.030893347784488063,0.0469,0.1671,0.1202,0.10678061965231955,0.46391466666666664,0.02262360533209113,0.437,0.4975,0.0605,0.4644659788043325,-7.663932666666669,129.04797409106868,-240.3069,212.7125,453.0194,129.27534753744942,13.34392,72.19050214640612,-84.2811,131.3549,215.63599999999997,73.41341022671993,-12.006100666666656,221.81285362353628,-249.1969,248.3982,497.5951,222.1375440708627
ramzy,S1,ramzy_seg7,rotate,0.703146,0.048245202359060185,0.5623,0.7494,0.18709999999999993,0.7047991890366125,0.008668666666666672,0.043378554051000315,-0.0305,0.1024,0.13290000000000002,0.04423623778457356,-0.3218973333333333,0.03735361641870243,-0.377,-0.2421,0.1349,0.3240573805156529,-12.328716666666669,37.69294476471588,-98.5207,43.0273,141.548,39.65797952093458,6.5178173333333325,27.821004581734634,-38.1738,69.035,107.2088,28.574293319828577,-69.82562866666667,125.91025844025594,-248.8688,236.5873,485.4561,143.97573267459788
ramzy,S1,ramzy_seg7,rotate,0.6123193333333333,0.08312345653437556,0.5308,0.7494,0.2185999999999999,0.6179356560354808,0.08182866666666669,0.0533294744478969,-0.0202,0.1556,0.17579999999999998,0.09767273689895935,-0.2528006666666667,0.044204281084779806,-0.3319,-0.1997,0.13219999999999998,0.256636309849821,19.064426666666666,63.56668931381873,-98.5207,99.3955,197.9162,66.36396879669168,-3.30832,29.52618122994574,-42.7276,54.7652,97.4928,29.71094679147738,37.110297333333314,210.77327618643116,-248.8688,249.2196,498.0884,214.01529880485182
ramzy,S1,ramzy_seg7,rotate,0.528902,0.023380149614576892,0.4437,0.5589,0.11519999999999997,0.5294185083655463,0.07703733333333332,0.0549848725216511,-0.012,0.1556,0.1676,0.09464717076243397,-0.19753600000000002,0.021953056825872792,-0.2406,-0.1435,0.09710000000000002,0.19875212703264336,-0.3238353333333301,82.34964981226909,-134.3965,99.3955,233.792,82.3502865418601,8.4275,47.50236894219488,-42.7276,106.0328,148.7604,48.244147949470516,-3.895492000000013,225.96240242139652,-249.381,249.2196,498.6006,225.99597820751413
ramzy,S1,ramzy_seg7,rotate,0.4499206666666667,0.07092605285005567,0.3598,0.5363,0.1765,0.45547679553042725,0.08437600000000002,0.05990543178488352,-0.012,0.1715,0.18350000000000002,0.10347932225006759,-0.145154,0.03935033524634828,-0.1993,-0.0949,0.1044,0.1503932598223737,2.4708500000000035,86.41197288171492,-134.3965,128.0759,262.4724,86.4472912070282,12.118841333333334,44.70871090084972,-36.2962,106.0328,142.329,46.322080541338664,-0.45145400000000036,227.3972801293852,-249.381,249.1595,498.5405,227.3977282669205
ramzy,S1,ramzy_seg7,rotate,0.38603,0.017164963345916783,0.3488,0.4404,0.09160000000000001,0.3864114346996821,0.08679533333333334,0.05802431942633096,-0.0048,0.1715,0.1763,0.10440426970834733,-0.09900133333333333,0.015587687391727556,-0.1423,-0.0666,0.0757,0.10022095589246792,16.37856533333334,75.18598266525481,-111.81,128.0759,239.8859,76.94926504989029,10.411250666666666,42.04614972132842,-36.2962,113.5323,149.82850000000002,43.31596526492897,33.89301333333333,216.19776407923112,-249.2513,249.1595,498.4108,218.83831827555338
rizki,S1,rizki_seg8,rotate,0.563572,0.050101344120359353,0.4862,0.622,0.13579999999999998,0.5657946127939596,0.045489333333333326,0.018529047993773334,0.0196,0.0853,0.06570000000000001,0.04911827629983229,0.4924946666666667,0.026256465328668207,0.4464,0.5365,0.09009999999999996,0.49319407809367155,-6.698172666666669,119.37766677344183,-209.7208,241.5867,451.3075,119.56543330471145,-21.932363999999996,78.00523088723497,-153.0211,139.7399,292.76099999999997,81.02989964450983,-1.9636159999999987,186.55737861301623,-248.1428,247.7991,495.94190000000003,186.5677123801322
rizki,S1,rizki_seg8,rotate,0.4468733333333334,0.08065592986397356,0.3218,0.563,0.24119999999999997,0.45409377342864615,0.052211999999999995,0.01900705805746907,0.0196,0.0853,0.06570000000000001,0.055564027931747355,0.4571746666666667,0.01910610438809777,0.4249,0.4916,0.06669999999999998,0.45757373074365476,43.02497666666666,133.76263289877855,-210.1399,241.9637,452.10360000000003,140.51188767211337,-13.815071333333332,54.398719700911265,-106.2388,90.9419,197.1807,56.12554588637335,52.088981333333344,212.6398956982687,-248.8698,249.1025,497.9723,218.92689925843953
rizki,S1,rizki_seg8,rotate,0.328762,0.07247912404731909,0.1726,0.4834,0.31079999999999997,0.33665661447039275,0.040385333333333336,0.017480958732924868,0.0078,0.076,0.0682,0.044006352571721585,0.426584,0.01658891629974665,0.4076,0.4484,0.0408,0.4269064314343367,6.03191866666667,122.38771327274559,-210.1399,241.9637,452.10360000000003,122.53626566422312,6.422736,46.704657006453196,-103.5199,90.9419,194.4618,47.1442098652224,-20.56871466666668,225.95671981011625,-249.0409,249.1025,498.1434,226.89096775849438
septian,S1,septian_seg1,wave,0.353596,0.01529300441378345,0.3234,0.3857,0.062299999999999967,0.3539265562231803,-0.08391733333333334,0.030937058137809777,-0.1397,-0.0413,0.09839999999999999,0.08943836089732414,-0.5909346666666667,0.04829161416045463,-0.6488,-0.4828,0.16600000000000004,0.5929045962603652,-4.272270666666675,172.32863019855,-248.8647,245.2245,494.0892,172.3815798824163,-15.682164666666665,51.81081619280558,-118.6319,79.4956,198.1275,54.13216200372135,-7.608785333333332,67.56218053008196,-110.5724,146.6911,257.2635,67.98927747982128
septian,S1,septian_seg1,wave,0.3518826666666667,0.018878915034738857,0.3211,0.3887,0.0676,0.3523887406449493,-0.09834333333333334,0.04392206646120173,-0.1701,-0.0286,0.14150000000000001,0.10770589182274724,-0.48902799999999996,0.0796680723334846,-0.6274,-0.3592,0.26819999999999994,0.49547491009468214,-20.864941999999992,220.98446571328617,-248.8647,249.1289,497.9936,221.9672946432648,11.020286666666669,58.15390299101705,-116.5996,101.7253,218.3249,59.18887692213913,12.985559333333335,70.66930584261327,-103.3144,146.6911,250.0055,71.85245673932334
septian,S1,septian_seg1,wave,0.3506053333333333,0.021389164816690613,0.3211,0.3887,0.0676,0.3512571652412707,-0.07732066666666666,0.0541436401887506,-0.1701,-0.0091,0.161,0.09439289839106896,-0.3583493333333333,0.06863877790934865,-0.4811,-0.2565,0.22460000000000002,0.36486370953183783,75.62030000000001,219.1623401422924,-248.6431,249.1557,497.7988,231.84167250245557,14.538126666666667,79.48000696220289,-130.7929,101.7253,232.5182,80.79869202956114,-26.993535333333337,59.91678944281437,-103.3144,107.9335,211.24790000000002,65.71660830358233
dafa,S1,dafa_seg2,wave,0.341752,0.22232146836506814,0.0424,0.7995,0.7571,0.4077024218716392,-0.28184,0.6307684479532354,-1.6251,0.5083,2.1334,0.6908709145226287,0.10345800000000001,0.13571152064581693,-0.3004,0.2423,0.5427,0.1706492736579913,-59.521191333333334,217.05408423327364,-248.9977,248.8183,497.81600000000003,225.06720707398566,-29.705269333333337,77.5657951879787,-146.4275,105.4153,251.8428,83.05934992106147,-22.184584666666666,72.62565070459127,-164.5623,102.7015,267.2638,75.93840225536616
dafa,S1,dafa_seg2,wave,0.26521066666666665,0.06215421588990476,0.0864,0.3472,0.26080000000000003,0.2723964835798485,0.025073333333333343,0.22471014505110554,-0.3217,0.4855,0.8071999999999999,0.2261046689772976,0.095892,0.05388861910768667,0.0034,0.2244,0.221,0.10999663146357408,39.55076799999999,216.77161850034497,-248.7266,248.9828,497.70939999999996,220.35017094762813,-4.689646,57.52889559777374,-138.0372,93.152,231.18920000000003,57.71972460350852,-20.75143933333333,53.43732632967072,-110.1783,84.3336,194.5119,57.325126076343984
dafa,S1,dafa_seg2,wave,0.28397333333333336,0.03404184026883519,0.2245,0.3409,0.11639999999999998,0.28600647008998475,0.048668,0.15814610346975566,-0.2153,0.2623,0.47759999999999997,0.16546529626077688,0.02788933333333334,0.046523829230000216,-0.0371,0.1076,0.1447,0.05424280228749249,68.84788400000001,210.87229781858184,-248.6599,248.9828,497.6427,221.82686293270734,-2.624454666666665,52.08092056881174,-138.0372,78.5848,216.622,52.14700422452153,-0.030192666666667946,73.82633043477111,-134.3083,113.4098,247.7181,73.82633660870037
dzaki,S1,dzaki_seg3,wave,0.37265866666666664,0.009069010873420661,0.3537,0.3925,0.0388,0.3727690019301498,0.10182733333333333,0.05920205052379708,-0.0398,0.1867,0.2265,0.11778662317937466,0.0020280000000000016,0.038496400039484215,-0.0546,0.0858,0.1404,0.03854978080352728,18.60157866666669,200.65667743915216,-248.2239,248.728,496.9519,201.5170487323892,-2.1449800000000003,29.702966463397782,-93.7984,50.4294,144.2278,29.78031490642994,5.461971999999999,11.284269854395365,-12.6963,25.2229,37.919200000000004,12.53666160808371
dzaki,S1,dzaki_seg3,wave,0.3783233333333334,0.011121806907552788,0.3642,0.3966,0.032399999999999984,0.3784867753744288,0.07413933333333333,0.08059221541949459,-0.054,0.1795,0.23349999999999999,0.10950683053277241,-0.03811799999999999,0.014286371454408335,-0.0578,-0.0103,0.0475,0.04070727617187539,46.75639533333333,213.96703154874191,-248.5903,248.7296,497.3199,219.016097797279,4.668089333333333,36.33730454623208,-74.0684,55.6925,129.7609,36.635921712297616,2.5256253333333327,50.84474890669856,-84.3144,112.2245,196.5389,50.90743830433427
dzaki,S1,dzaki_seg3,wave,0.38046199999999997,0.010081935462333939,0.3642,0.3966,0.032399999999999984,0.3805955581278723,0.003432000000000001,0.08228339672133134,-0.1118,0.1389,0.2507,0.0823549391354277,-0.055834,0.011441793740493663,-0.0744,-0.0396,0.03479999999999999,0.0569942997149715,-52.58897466666667,216.61735848605213,-248.5903,249.0102,497.6005,222.90957865010228,-24.757809333333327,48.342839371601315,-130.5213,55.6925,186.2138,54.313711358128835,-15.425131333333333,68.73801144370232,-136.12,112.2245,248.3445,70.44749033063657
dzaki,S1,dzaki_seg3,wave,0.36948933333333334,0.012509724999197844,0.3494,0.3883,0.03889999999999999,0.3697010422850694,0.0026393333333333342,0.08528045723506776,-0.1345,0.1337,0.2682,0.08532128964488679,-0.05980466666666667,0.009086241149244402,-0.0744,-0.0444,0.029999999999999992,0.060490973982349906,15.954899333333312,209.4144647818431,-248.344,249.0102,497.3542,210.02137241862457,-13.093388666666666,50.24357167437381,-130.5213,51.6649,182.18619999999999,51.92160746138676,-10.361802666666666,56.644010584918796,-136.12,88.851,224.971,57.583946457735365
dzaki,S1,dzaki_seg3,wave,0.35615600000000003,0.014714937897705628,0.3285,0.3763,0.04780000000000001,0.356459851502709,0.005531999999999998,0.0987323900382578,-0.1476,0.1337,0.2813,0.09888724825105948,-0.057538000000000006,0.01168374751524527,-0.08,-0.0421,0.0379,0.0587122763994039,48.22073533333333,216.64534150117703,-248.0803,248.9262,497.00649999999996,221.94693805107786,10.269410666666666,36.175009887151184,-113.2175,66.2045,179.422,37.60441643977651,13.8992,99.41253042701406,-240.2413,190.6868,430.9281,100.3794748269884
dzaki,S1,dzaki_seg3,wave,0.3527886666666667,0.014655745342887053,0.3285,0.3763,0.04780000000000001,0.35309295405034635,-0.032302,0.0817478337898524,-0.1476,0.0984,0.246,0.0878983932352198,-0.060536000000000006,0.012296114725120832,-0.08,-0.0421,0.0379,0.061772176044990794,-25.42004,214.12060933525356,-248.0803,249.1177,497.198,215.62424208725204,16.679178,40.62896662231987,-56.158,107.397,163.555,43.91933409733425,4.332734666666667,121.73026314847374,-240.2413,190.6868,430.9281,121.80734606701026
gilang,S1,gilang_seg4,wave,0.17881133333333332,0.012586206930163229,0.1582,0.1983,0.0401,0.17925374621840778,0.10319,0.06791710805582542,-0.0041,0.2085,0.21259999999999998,0.1235350544042729,0.06564333333333333,0.05849555358220734,-0.0155,0.1749,0.1904,0.08792483721907025,-27.182973999999987,209.9533938572325,-248.1347,248.5872,496.7219,211.7057903498505,-7.963257999999999,20.16522452488035,-54.0997,32.753,86.8527,21.680630943618777,3.422378666666667,31.943164356151037,-63.0568,41.5301,104.5869,32.12597741426918
gilang,S1,gilang_seg4,wave,0.197738,0.01054852703777483,0.1796,0.2169,0.0373,0.19801916085739446,0.050148,0.07335341457173847,-0.0545,0.1698,0.2243,0.0888568811816695,-0.021774,0.042375976574784285,-0.0963,0.065,0.1613,0.04764273781665645,-45.641292666666665,208.99376848586886,-248.4074,248.7728,497.1802,213.91943077291802,-1.540849333333333,24.556564261513316,-53.4991,39.9764,93.4755,24.6048585648824,0.46758066666666687,35.16380809206477,-75.8628,41.5301,117.3929,35.166916714653844
gilang,S1,gilang_seg4,wave,0.20756,0.006488564299339776,0.1911,0.2169,0.025800000000000017,0.20766139522469423,0.05767600000000002,0.07436642493311973,-0.0545,0.1698,0.2243,0.09411103088019668,-0.09331933333333334,0.04348356424622475,-0.1715,-0.0161,0.1554,0.10295299089066492,47.37673999999999,204.75742943591996,-248.4074,248.7728,497.1802,210.1669821885287,7.388948,25.738609329888618,-39.7546,43.8523,83.6069,26.77821059711297,-15.817345333333332,33.48877531932272,-75.8628,39.7123,115.57509999999999,37.036286068962156
gilang,S1,gilang_seg4,wave,0.20946666666666666,0.004687624368720496,0.2012,0.2171,0.015899999999999997,0.20951911193651684,0.049662,0.07391864056289636,-0.0732,0.1413,0.21450000000000002,0.08905211769894453,-0.1655386666666667,0.04015027569297903,-0.2264,-0.097,0.1294,0.17033817775237586,34.28697466666666,203.9105206211153,-247.8987,247.6711,495.5698,206.77305688064615,9.263316666666666,31.373911156920208,-56.7955,57.4219,114.2174,32.71286194983965,-14.731652666666669,35.450556849521554,-68.9123,59.6463,128.5586,38.38962843311285
gilang,S1,gilang_seg4,wave,0.20710800000000001,0.0068413889428000415,0.1815,0.2171,0.03559999999999999,0.20722096483383787,0.004251333333333332,0.07375469678754176,-0.0918,0.1277,0.21950000000000003,0.07387712185334058,-0.23086000000000004,0.03323549307592713,-0.2763,-0.1727,0.1036,0.23324008574856941,-45.81069466666667,197.634792330337,-247.8987,247.6354,495.53409999999997,202.87466792406096,-12.790189999999999,51.7712134037604,-123.0319,57.4219,180.4538,53.32773666239549,-19.035742666666668,47.290116907262764,-95.8901,59.6463,155.53640000000001,50.97758974269119
hikhmal,S1,hikhmal_seg5,wave,0.37012400000000006,0.022598653883214668,0.2024,0.4036,0.20120000000000002,0.37081326099983714,-0.07514133333333334,0.3997905380215439,-0.9171,0.5302,1.4473,0.40679072539411054,-0.5498446666666666,0.07757875872227456,-0.7261,-0.3951,0.33099999999999996,0.5552905737239439,-65.58461666666666,200.62090412616146,-248.3499,248.1656,496.5155,211.06892029787824,-9.801119333333332,12.054438267812102,-34.7991,7.0251,41.824200000000005,15.536132792259899,3.9838119999999995,21.67606581716624,-51.1218,32.7496,83.8714,22.039114940520335
hikhmal,S1,hikhmal_seg5,wave,0.36394333333333334,0.013268702105162948,0.3472,0.3924,0.04520000000000002,0.3641851292039988,-0.01594266666666667,0.19455491541693026,-0.2785,0.3827,0.6612,0.19520702787895042,-0.4240293333333333,0.07912215749221088,-0.5404,-0.3249,0.21549999999999997,0.4313481092265658,-15.510792666666656,222.48949932947428,-248.3499,249.0059,497.3558,223.02950926060987,-5.748977333333333,14.482233827574836,-34.7991,18.6359,53.435,15.581586473005029,-5.264488666666668,24.86292710507095,-51.1218,32.7496,83.8714,25.414168984122483
hikhmal,S1,hikhmal_seg5,wave,0.34494133333333327,0.01187853631087976,0.3231,0.3597,0.03660000000000002,0.34514579972334397,0.046426666666666665,0.14815920656135037,-0.2077,0.2479,0.4556,0.15526295716192792,-0.32659533333333335,0.030027228391726217,-0.3909,-0.2831,0.1078,0.3279727827122244,74.56551133333335,213.36402751438695,-248.6207,249.0596,497.6803,226.01819333310655,-8.509031333333336,13.669754247945288,-38.6445,18.6359,57.2804,16.10173268412026,-13.645313999999999,19.515223960918412,-49.8077,32.1077,81.9154,23.812571478179336
hikhmal,S1,hikhmal_seg5,wave,0.32703400000000005,0.01348963962948356,0.3023,0.3591,0.05679999999999996,0.3273120950000677,0.0016819999999999997,0.13423271586812704,-0.205,0.186,0.391,0.13424325358591893,-0.29789133333333334,0.014990921415606479,-0.3467,-0.2809,0.06580000000000003,0.29826829231415125,13.126829999999996,221.8714737987603,-248.6207,249.0596,497.6803,222.2594532331142,-11.411917333333333,21.202189123496176,-56.096,25.1347,81.2307,24.078303114034703,-4.140779333333334,22.21381246003275,-49.8077,32.1077,81.9154,22.59644922320466
hikhmal,S1,hikhmal_seg5,wave,0.316934,0.008496507753188953,0.3023,0.3311,0.028799999999999992,0.3170478686255437,-0.060054,0.11646164039717112,-0.205,0.1387,0.3437,0.13103357050771378,-0.295072,0.009964183324956107,-0.3087,-0.2784,0.030299999999999994,0.29524019057935413,-69.93071333333333,210.6270485422967,-247.8891,248.7542,496.6433,221.93255336914382,-0.6053586666666676,25.523982328832588,-56.096,34.628,90.72399999999999,25.53116004097477,-20.16336066666667,34.55899932541237,-91.9766,29.5836,121.56020000000001,40.01106781564238
irvan,S1,irvan_seg7,wave,0.2639073333333333,0.014926888921971948,0.2434,0.3018,0.05840000000000001,0.2643291368729524,0.07613933333333334,0.06825405765390233,-0.0638,0.1613,0.2251,0.10225367703249927,0.31155,0.026470188892412542,0.2717,0.3744,0.10270000000000001,0.3126724698466432,41.282350666666666,211.95705172394798,-248.4438,249.1143,497.55809999999997,215.93986258232638,-14.887536666666668,66.20464660235203,-213.6757,64.967,278.6427,67.85789548566672,7.316394,37.4024496566098,-39.3446,85.6057,124.9503,38.111321959208745
irvan,S1,irvan_seg7,wave,0.293228,0.02676504217569378,0.2513,0.3375,0.0862,0.2944469858338962,0.05464799999999999,0.08516461371563505,-0.0913,0.1613,0.2526,0.10118999621174682,0.277558,0.017615286051230243,0.2499,0.3099,0.06,0.27811641747057414,54.66925133333334,217.34515267457022,-248.673,249.1143,497.78729999999996,224.1152436414788,3.0712406666666676,42.49769621274561,-107.2181,64.967,172.1851,42.60852851980927,11.342306666666666,44.48581200510663,-61.8587,107.0009,168.8596,45.90899029900788
irvan,S1,irvan_seg7,wave,0.3334033333333334,0.018185743195029327,0.3028,0.3593,0.056499999999999995,0.3338989426957404,-0.03827733333333334,0.1020878576825972,-0.1957,0.1215,0.31720000000000004,0.10902790896524309,0.24750466666666662,0.017107099254078374,0.2237,0.2717,0.04799999999999999,0.248095168970834,-48.12721533333333,219.16153900487976,-248.673,249.001,497.674,224.38362024606087,-30.364800666666664,20.272766240834844,-70.1576,2.1352,72.2928,36.510357031696266,13.291364,43.73547706652237,-61.8587,107.0009,168.8596,45.71052735658166
ramzy,S1,ramzy_seg8,wave,0.52843,0.06579235897883583,0.2468,0.6012,0.35439999999999994,0.5325099993427354,-0.38091533333333333,0.31094110090426375,-0.7749,0.0628,0.8377,0.4917121712953626,-0.5919426666666667,0.09200316396491784,-0.7218,-0.3002,0.4216,0.5990498333193992,20.169122666666667,156.94964569820735,-211.6842,233.1838,444.868,158.2402755114382,0.2523353333333334,25.625516263373473,-36.6315,38.6447,75.2762,25.626758610578644,-0.7584813333333333,33.86744706909648,-53.2466,55.6822,108.9288,33.875939321457444
ramzy,S1,ramzy_seg8,wave,0.5903593333333333,0.016736806133655115,0.5359,0.6017,0.06579999999999997,0.5905965315960917,-0.15241866666666667,0.16018284568441016,-0.5892,0.0628,0.6519999999999999,0.2211108183694321,-0.5349973333333334,0.042360385498193424,-0.6592,-0.4826,0.17660000000000003,0.5366717329367491,-12.065294,168.75117620320682,-225.9348,233.1838,459.1186,169.1819458135891,4.666785999999999,27.431674554694446,-36.6315,50.9553,87.58680000000001,27.825809250486618,-9.02844,40.211718658248536,-64.9888,55.6822,120.67099999999999,41.2128019707922
ramzy,S1,ramzy_seg8,wave,0.6114873333333333,0.015317420569041281,0.5938,0.635,0.041200000000000014,0.6116791497182162,-0.09088399999999999,0.10321978691446068,-0.2487,0.0573,0.306,0.13752900009331365,-0.5002526666666667,0.03971704872665586,-0.5555,-0.4443,0.11120000000000002,0.501826837132757,17.292514666666673,159.5911050346196,-225.9348,244.1908,470.12559999999996,160.52523748516265,-7.337903999999998,38.40831514421477,-77.3829,50.9553,128.3382,39.10298591323345,8.647966000000002,49.69019593997704,-64.9888,93.4489,158.4377,50.437118162028916
ramzy,S1,ramzy_seg8,wave,0.62629,0.008806268600642769,0.6024,0.6494,0.04699999999999993,0.6263519094460132,-0.06990866666666669,0.07921581402444562,-0.1748,0.0573,0.2321,0.10565210299216321,-0.46169066666666664,0.021450154146040276,-0.5166,-0.4039,0.11269999999999997,0.4621886852790752,-9.570660000000007,159.31891992690802,-200.2623,244.1908,444.4531,159.60612701119007,8.991005333333336,50.698785112773386,-77.3829,84.3361,161.719,51.489853260765855,-3.428769999999998,55.48507407867183,-71.5886,93.4489,165.0375,55.5909157077719
ramzy,S1,ramzy_seg8,wave,0.6372093333333334,0.013725136777298634,0.6194,0.6606,0.041200000000000014,0.6373571321219107,-0.06565933333333333,0.0816518202260196,-0.1748,0.0575,0.2323,0.10477675219245917,-0.422626,0.03938575788276772,-0.4773,-0.3753,0.10199999999999998,0.4244572696986117,9.384456666666665,165.73981549350552,-200.2623,247.3105,447.57280000000003,166.00528445429018,-3.3597119999999996,62.06988107384335,-100.1858,84.3361,184.52190000000002,62.160741640073766,-15.096511999999999,39.37084095912087,-71.5886,55.0462,126.6348,42.16595537153799
rizki,S1,rizki_seg9,wave,0.5362033333333335,0.04313887251913548,0.4473,0.6008,0.15350000000000003,0.5379358484057369,-0.057840666666666665,0.03125412420074438,-0.1033,-0.0066,0.09670000000000001,0.06574468039316944,-0.5333540000000001,0.15523097999647706,-0.8016,-0.3589,0.4427,0.5554846050672032,16.238520666666677,131.45881896091532,-245.9913,245.6487,491.64,132.45795799437823,-37.910039333333344,143.98523522707083,-248.738,221.6397,470.3777,148.8923068719462,-12.895803333333333,55.48442101046793,-140.0088,113.4102,253.419,56.963345394023925
rizki,S1,rizki_seg9,wave,0.552112,0.026848346739914302,0.5173,0.6008,0.08350000000000002,0.5527644111795429,-0.012540666666666664,0.057125220462497024,-0.1005,0.0821,0.1826,0.058485546362612814,-0.34923333333333334,0.05589560109903303,-0.4825,-0.2509,0.23159999999999997,0.35367815784033557,59.85230666666668,197.77438662984267,-248.4187,249.0034,497.4221,206.63254008052846,-66.884,109.89516807942863,-248.738,58.0123,306.7503,128.64842565381772,2.1469393333333344,62.57392448106042,-83.255,93.8945,177.1495,62.61074487228584
rizki,S1,rizki_seg9,wave,0.5288933333333333,0.01270814786749911,0.4909,0.5505,0.059599999999999986,0.529045985776914,-0.026888666666666665,0.07256817992909993,-0.1349,0.0821,0.217,0.07738954149840489,-0.25703066666666674,0.05586444301063861,-0.3573,-0.1451,0.2122,0.2630315562817511,-29.509007333333333,219.95079786295392,-248.8947,249.071,497.96569999999997,221.9214613198749,-16.67514333333333,51.58808904512154,-98.1588,58.0123,156.1711,54.21615383365552,-10.710729999999998,54.81241449982507,-83.255,90.6054,173.8604,55.84908701521927
rizki,S1,rizki_seg9,wave,0.50717,0.022513609957830694,0.4788,0.5409,0.062100000000000044,0.5076694510538657,-0.029296000000000006,0.08481879420663009,-0.1494,0.1087,0.2581,0.0897356309760324,-0.16008133333333333,0.05784671628440882,-0.2497,-0.0857,0.164,0.17021244333675098,-15.431675333333333,222.4820790774223,-248.8947,249.3332,498.2279,223.01661847092424,-7.416258666666664,54.71637892793734,-98.1588,64.0365,162.1953,55.21669145825865,-20.874614666666666,33.42030104694128,-74.2069,61.9105,136.1174,39.403883813020265
rizki,S1,rizki_seg9,wave,0.46885266666666664,0.028645873924334878,0.4199,0.5002,0.08029999999999998,0.4697269516786676,0.015274666666666666,0.09678420958446109,-0.1497,0.1278,0.27749999999999997,0.09798213442595884,-0.08867333333333334,0.02450367228714006,-0.1441,-0.0589,0.0852,0.09199668472287467,64.27724133333334,218.73810324169685,-248.2344,249.3332,497.56759999999997,227.9866697050483,6.605467999999998,84.37831290005929,-150.8482,111.9226,262.7708,84.63646906245164,-12.129654,37.80279370296615,-74.2069,61.9105,136.1174,39.70112993239277
rizki,S1,rizki_seg9,wave,0.44566333333333336,0.023057595759797295,0.4168,0.5001,0.08329999999999999,0.4462594081921411,-0.032116000000000006,0.10229232951367045,-0.1675,0.1278,0.2953,0.10721547525116573,-0.064614,0.006834491251488048,-0.0845,-0.0528,0.031700000000000006,0.06497445087622261,-30.169245333333336,215.46732993869819,-248.2344,248.8946,497.129,217.56919275231652,-16.77677266666667,83.96669053482252,-150.8482,111.9226,262.7708,85.62631149640667,-24.212854,52.69265628110446,-151.0457,100.4264,251.4721,57.989467360753835
